{"stats":{"minecraft:custom":{"minecraft:time_since_rest":10896,"minecraft:sprint_one_cm":6061,"minecraft:damage_taken":1666,"minecraft:walk_one_cm":73860,"minecraft:drop":1,"minecraft:damage_dealt":252,"minecraft:swim_one_cm":8831,"minecraft:interact_with_crafting_table":1,"minecraft:fly_one_cm":1461,"minecraft:player_kills":1,"minecraft:play_time":31690,"minecraft:deaths":6,"minecraft:sneak_time":2,"minecraft:walk_under_water_one_cm":4606,"minecraft:jump":116,"minecraft:leave_game":3,"minecraft:walk_on_water_one_cm":6282,"minecraft:time_since_death":23979,"minecraft:sleep_in_bed":1,"minecraft:total_world_time":31690,"minecraft:fall_one_cm":687},"minecraft:crafted":{"minecraft:crafting_table":1,"minecraft:stick":4,"minecraft:oak_wood":3,"minecraft:birch_planks":12},"minecraft:dropped":{"minecraft:wheat_seeds":1},"minecraft:killed_by":{"minecraft:player":6},"minecraft:mined":{"minecraft:white_bed":1,"minecraft:birch_log":17,"minecraft:crafting_table":1,"minecraft:torch":1,"minecraft:short_grass":1,"minecraft:grass_block":31,"minecraft:oak_log":15,"minecraft:dirt":8,"minecraft:oak_planks":5,"minecraft:oak_leaves":13},"minecraft:used":{"minecraft:crafting_table":1,"minecraft:white_bed":1},"minecraft:picked_up":{"minecraft:birch_log":16,"minecraft:stick":5,"minecraft:crafting_table":1,"minecraft:torch":1,"minecraft:oak_log":15,"minecraft:white_bed":1,"minecraft:dirt":36,"minecraft:wheat_seeds":1,"minecraft:oak_planks":12,"minecraft:cobblestone":10}},"DataVersion":3955}