{"stats":{"minecraft:custom":{"minecraft:time_since_rest":2874,"minecraft:sprint_one_cm":83187,"minecraft:damage_taken":2096,"minecraft:walk_one_cm":239714,"minecraft:mob_kills":6,"minecraft:drop":3,"minecraft:damage_dealt":1238,"minecraft:interact_with_crafting_table":7,"minecraft:swim_one_cm":8831,"minecraft:talked_to_villager":1,"minecraft:fly_one_cm":5313,"minecraft:player_kills":1,"minecraft:play_time":91024,"minecraft:deaths":7,"minecraft:sneak_time":2,"minecraft:walk_under_water_one_cm":8836,"minecraft:jump":333,"minecraft:leave_game":5,"minecraft:walk_on_water_one_cm":7695,"minecraft:time_since_death":45451,"minecraft:sleep_in_bed":6,"minecraft:total_world_time":91024,"minecraft:fall_one_cm":2591},"minecraft:crafted":{"minecraft:crafting_table":1,"minecraft:stick":20,"minecraft:stone_pickaxe":1,"minecraft:wooden_pickaxe":2,"minecraft:wooden_axe":2,"minecraft:stone_sword":1,"minecraft:oak_wood":3,"minecraft:birch_planks":32},"minecraft:broken":{"minecraft:wooden_axe":2},"minecraft:dropped":{"minecraft:wheat_seeds":1,"minecraft:wooden_pickaxe":2},"minecraft:killed":{"minecraft:trader_llama":2,"minecraft:chicken":3,"minecraft:wandering_trader":1},"minecraft:killed_by":{"minecraft:player":6,"minecraft:wolf":1},"minecraft:mined":{"minecraft:white_bed":6,"minecraft:birch_log":24,"minecraft:crafting_table":6,"minecraft:torch":2,"minecraft:short_grass":4,"minecraft:coal_ore":9,"minecraft:grass_block":57,"minecraft:oak_log":39,"minecraft:dirt":60,"minecraft:stone":19,"minecraft:oak_planks":5,"minecraft:oak_leaves":26},"minecraft:used":{"minecraft:wooden_axe":93,"minecraft:stone_sword":9,"minecraft:stone_pickaxe":1,"minecraft:wooden_pickaxe":47,"minecraft:dirt":78,"minecraft:crafting_table":6,"minecraft:white_bed":5},"minecraft:picked_up":{"minecraft:birch_log":38,"minecraft:stick":5,"minecraft:crafting_table":7,"minecraft:feather":2,"minecraft:chicken":3,"minecraft:leather":2,"minecraft:lead":4,"minecraft:torch":3,"minecraft:wooden_pickaxe":2,"minecraft:birch_planks":8,"minecraft:oak_log":56,"minecraft:white_bed":7,"minecraft:dirt":134,"minecraft:oak_wood":3,"minecraft:wheat_seeds":1,"minecraft:oak_sapling":1,"minecraft:oak_planks":12,"minecraft:coal":9,"minecraft:cobblestone":29}},"DataVersion":3955}