{"stats":{"minecraft:custom":{"minecraft:time_since_rest":10291,"minecraft:sprint_one_cm":20288,"minecraft:damage_taken":1736,"minecraft:walk_one_cm":116818,"minecraft:mob_kills":3,"minecraft:drop":1,"minecraft:damage_dealt":926,"minecraft:talked_to_villager":1,"minecraft:swim_one_cm":8831,"minecraft:interact_with_crafting_table":1,"minecraft:fly_one_cm":2139,"minecraft:player_kills":1,"minecraft:play_time":43690,"minecraft:deaths":6,"minecraft:sneak_time":2,"minecraft:walk_under_water_one_cm":8836,"minecraft:jump":136,"minecraft:leave_game":3,"minecraft:walk_on_water_one_cm":7695,"minecraft:time_since_death":35979,"minecraft:sleep_in_bed":2,"minecraft:total_world_time":43690,"minecraft:fall_one_cm":687},"minecraft:crafted":{"minecraft:crafting_table":1,"minecraft:stick":4,"minecraft:wooden_axe":1,"minecraft:oak_wood":3,"minecraft:birch_planks":12},"minecraft:broken":{"minecraft:wooden_axe":1},"minecraft:dropped":{"minecraft:wheat_seeds":1},"minecraft:killed":{"minecraft:trader_llama":2,"minecraft:wandering_trader":1},"minecraft:killed_by":{"minecraft:player":6},"minecraft:mined":{"minecraft:white_bed":1,"minecraft:birch_log":17,"minecraft:crafting_table":2,"minecraft:torch":2,"minecraft:short_grass":1,"minecraft:grass_block":32,"minecraft:oak_log":21,"minecraft:dirt":8,"minecraft:oak_planks":5,"minecraft:oak_leaves":14},"minecraft:used":{"minecraft:wooden_axe":35,"minecraft:crafting_table":2,"minecraft:white_bed":1},"minecraft:picked_up":{"minecraft:birch_log":17,"minecraft:stick":5,"minecraft:crafting_table":2,"minecraft:leather":1,"minecraft:lead":2,"minecraft:torch":2,"minecraft:oak_log":21,"minecraft:white_bed":1,"minecraft:dirt":36,"minecraft:wheat_seeds":1,"minecraft:oak_planks":12,"minecraft:cobblestone":10}},"DataVersion":3955}