{"stats":{"minecraft:custom":{"minecraft:time_since_rest":12037,"minecraft:play_time":19404,"minecraft:sprint_one_cm":6061,"minecraft:damage_taken":1666,"minecraft:deaths":6,"minecraft:walk_one_cm":45712,"minecraft:sneak_time":2,"minecraft:walk_under_water_one_cm":4606,"minecraft:jump":72,"minecraft:damage_dealt":252,"minecraft:leave_game":2,"minecraft:walk_on_water_one_cm":6282,"minecraft:time_since_death":11693,"minecraft:total_world_time":19404,"minecraft:swim_one_cm":8831,"minecraft:fall_one_cm":687,"minecraft:fly_one_cm":1461,"minecraft:player_kills":1},"minecraft:crafted":{"minecraft:oak_wood":3},"minecraft:killed_by":{"minecraft:player":6},"minecraft:mined":{"minecraft:oak_log":7,"minecraft:grass_block":7,"minecraft:white_bed":1,"minecraft:dirt":7,"minecraft:crafting_table":1,"minecraft:torch":1,"minecraft:oak_leaves":11},"minecraft:picked_up":{"minecraft:crafting_table":1,"minecraft:stick":5,"minecraft:torch":1,"minecraft:oak_log":7,"minecraft:white_bed":1,"minecraft:oak_planks":7,"minecraft:dirt":12,"minecraft:cobblestone":10}},"DataVersion":3955}