{"stats":{"minecraft:custom":{"minecraft:interact_with_furnace":2,"minecraft:mob_kills":18,"minecraft:interact_with_crafting_table":13,"minecraft:leave_game":7,"minecraft:time_since_death":119293,"minecraft:sleep_in_bed":9,"minecraft:time_since_rest":21448,"minecraft:sprint_one_cm":118139,"minecraft:damage_taken":2126,"minecraft:walk_one_cm":348862,"minecraft:drop":3,"minecraft:damage_dealt":2479,"minecraft:swim_one_cm":8831,"minecraft:talked_to_villager":1,"minecraft:fly_one_cm":11594,"minecraft:player_kills":1,"minecraft:play_time":164866,"minecraft:deaths":7,"minecraft:sneak_time":2,"minecraft:walk_under_water_one_cm":8836,"minecraft:jump":476,"minecraft:walk_on_water_one_cm":7695,"minecraft:total_world_time":164866,"minecraft:fall_one_cm":5544},"minecraft:crafted":{"minecraft:crafting_table":1,"minecraft:wooden_pickaxe":2,"minecraft:cooked_chicken":4,"minecraft:furnace":1,"minecraft:leather_helmet":1,"minecraft:oak_wood":3,"minecraft:birch_planks":32,"minecraft:stick":20,"minecraft:stone_pickaxe":3,"minecraft:wooden_axe":2,"minecraft:stone_sword":1},"minecraft:broken":{"minecraft:stone_pickaxe":1,"minecraft:wooden_axe":2},"minecraft:killed":{"minecraft:pig":2,"minecraft:spider":1,"minecraft:wandering_trader":1,"minecraft:trader_llama":2,"minecraft:chicken":5,"minecraft:villager":1,"minecraft:cow":6},"minecraft:dropped":{"minecraft:wheat_seeds":1,"minecraft:wooden_pickaxe":2},"minecraft:killed_by":{"minecraft:player":6,"minecraft:wolf":1},"minecraft:mined":{"minecraft:white_bed":9,"minecraft:crafting_table":11,"minecraft:torch":2,"minecraft:granite":4,"minecraft:short_grass":50,"minecraft:grass_block":83,"minecraft:tall_grass":6,"minecraft:copper_ore":3,"minecraft:lapis_ore":8,"minecraft:oak_planks":5,"minecraft:furnace":1,"minecraft:birch_log":24,"minecraft:iron_ore":1,"minecraft:pumpkin":3,"minecraft:oak_log":39,"minecraft:coal_ore":29,"minecraft:dirt":95,"minecraft:stone":129,"minecraft:oak_leaves":26},"minecraft:used":{"minecraft:stone_sword":83,"minecraft:stone_pickaxe":236,"minecraft:wooden_pickaxe":53,"minecraft:cooked_chicken":4,"minecraft:dirt":83,"minecraft:crafting_table":11,"minecraft:white_bed":8,"minecraft:wooden_axe":93,"minecraft:furnace":1},"minecraft:picked_up":{"minecraft:birch_log":38,"minecraft:crafting_table":12,"minecraft:feather":2,"minecraft:chicken":5,"minecraft:leather":6,"minecraft:golden_leggings":1,"minecraft:lead":4,"minecraft:wooden_pickaxe":2,"minecraft:birch_planks":8,"minecraft:oak_log":56,"minecraft:golden_boots":1,"minecraft:lapis_lazuli":50,"minecraft:dirt":194,"minecraft:raw_copper":8,"minecraft:wheat_seeds":6,"minecraft:beef":10,"minecraft:oak_planks":12,"minecraft:furnace":1,"minecraft:golden_helmet":1,"minecraft:stick":5,"minecraft:raw_iron":1,"minecraft:pumpkin":2,"minecraft:torch":3,"minecraft:porkchop":5,"minecraft:white_bed":10,"minecraft:oak_wood":3,"minecraft:rotten_flesh":5,"minecraft:granite":4,"minecraft:oak_sapling":1,"minecraft:coal":29,"minecraft:cobblestone":139}},"DataVersion":3955}