{"stats":{"minecraft:picked_up":{"minecraft:stick":5,"minecraft:torch":1,"minecraft:oak_planks":7,"minecraft:dirt":12,"minecraft:cobblestone":10},"minecraft:killed_by":{"minecraft:player":6},"minecraft:mined":{"minecraft:grass_block":7,"minecraft:dirt":7,"minecraft:oak_leaves":7,"minecraft:torch":1},"minecraft:custom":{"minecraft:time_since_rest":69,"minecraft:play_time":7436,"minecraft:sprint_one_cm":6061,"minecraft:walk_one_cm":33068,"minecraft:damage_taken":1666,"minecraft:deaths":6,"minecraft:sneak_time":2,"minecraft:walk_under_water_one_cm":4606,"minecraft:jump":65,"minecraft:damage_dealt":252,"minecraft:leave_game":2,"minecraft:time_since_death":0,"minecraft:walk_on_water_one_cm":6282,"minecraft:total_world_time":7436,"minecraft:swim_one_cm":8831,"minecraft:fall_one_cm":687,"minecraft:fly_one_cm":1461,"minecraft:player_kills":1}},"DataVersion":3955}