{"stats":{"minecraft:used":{"minecraft:stone_sword":194,"minecraft:iron_shovel":31,"minecraft:stone_shovel":208,"minecraft:wooden_shovel":22,"minecraft:cooked_salmon":1,"minecraft:cooked_chicken":6,"minecraft:rotten_flesh":1,"minecraft:torch":3,"minecraft:dirt":225,"minecraft:mutton":3,"minecraft:granite":3,"minecraft:wooden_axe":93,"minecraft:iron_axe":365,"minecraft:beef":3,"minecraft:furnace":6,"minecraft:cooked_beef":14,"minecraft:cooked_mutton":10,"minecraft:stone_pickaxe":627,"minecraft:wooden_pickaxe":53,"minecraft:birch_boat":1,"minecraft:blue_bed":1,"minecraft:crafting_table":21,"minecraft:spider_eye":1,"minecraft:white_bed":10,"minecraft:apple":1,"minecraft:iron_pickaxe":242,"minecraft:stone_axe":170,"minecraft:pink_bed":9,"minecraft:cobblestone":36,"minecraft:cooked_porkchop":3,"minecraft:porkchop":3},"minecraft:picked_up":{"minecraft:crafting_table":23,"minecraft:chicken":12,"minecraft:clay_ball":8,"minecraft:leather_leggings":1,"minecraft:lead":5,"minecraft:wooden_pickaxe":2,"minecraft:raw_copper":93,"minecraft:cobbled_deepslate":2,"minecraft:beef":41,"minecraft:wooden_shovel":1,"minecraft:light_gray_wool":3,"minecraft:sugar_cane":2,"minecraft:birch_sapling":8,"minecraft:egg":1,"minecraft:furnace":8,"minecraft:golden_helmet":1,"minecraft:stick":11,"minecraft:raw_iron":46,"minecraft:torch":4,"minecraft:porkchop":26,"minecraft:cherry_log":4,"minecraft:diorite":21,"minecraft:stone_sword":4,"minecraft:arrow":3,"minecraft:stone_shovel":8,"minecraft:rotten_flesh":17,"minecraft:mutton":11,"minecraft:white_wool":4,"minecraft:cobblestone":386,"minecraft:birch_log":190,"minecraft:feather":12,"minecraft:cooked_beef":11,"minecraft:andesite":64,"minecraft:salmon":2,"minecraft:leather":24,"minecraft:golden_leggings":1,"minecraft:birch_planks":8,"minecraft:oak_log":345,"minecraft:golden_boots":1,"minecraft:gunpowder":3,"minecraft:dirt":448,"minecraft:lapis_lazuli":50,"minecraft:blue_bed":1,"minecraft:cooked_mutton":4,"minecraft:bone":6,"minecraft:apple":1,"minecraft:kelp":52,"minecraft:wheat_seeds":31,"minecraft:stone_pickaxe":4,"minecraft:cooked_chicken":1,"minecraft:oak_planks":15,"minecraft:pink_bed":9,"minecraft:cooked_porkchop":3,"minecraft:pumpkin":4,"minecraft:sweet_berries":1,"minecraft:dandelion":2,"minecraft:gravel":3,"minecraft:sand":31,"minecraft:white_bed":16,"minecraft:spider_eye":1,"minecraft:oak_wood":3,"minecraft:stone_axe":4,"minecraft:granite":8,"minecraft:gray_wool":1,"minecraft:oak_sapling":52,"minecraft:coal":88},"minecraft:killed":{"minecraft:spider":1,"minecraft:horse":1,"minecraft:skeleton":3,"minecraft:chicken":12,"minecraft:pig":12,"minecraft:salmon":1,"minecraft:wandering_trader":2,"minecraft:sheep":6,"minecraft:trader_llama":3,"minecraft:zombie":3,"minecraft:villager":1,"minecraft:cow":18},"minecraft:killed_by":{"minecraft:player":7,"minecraft:wolf":1,"minecraft:creeper":1,"minecraft:skeleton":1,"minecraft:zombie":4},"minecraft:mined":{"minecraft:white_bed":13,"minecraft:pink_bed":9,"minecraft:cherry_log":6,"minecraft:glow_lichen":1,"minecraft:granite":7,"minecraft:grass_block":151,"minecraft:furnace":7,"minecraft:iron_ore":48,"minecraft:andesite":70,"minecraft:pumpkin":4,"minecraft:azure_bluet":1,"minecraft:stone":500,"minecraft:dandelion":1,"minecraft:crafting_table":22,"minecraft:torch":2,"minecraft:short_grass":117,"minecraft:cobblestone":13,"minecraft:tall_grass":16,"minecraft:copper_ore":25,"minecraft:lapis_ore":8,"minecraft:oak_planks":5,"minecraft:diorite":18,"minecraft:birch_log":156,"minecraft:birch_leaves":14,"minecraft:oak_log":300,"minecraft:coal_ore":62,"minecraft:sand":33,"minecraft:gravel":2,"minecraft:dirt":280,"minecraft:oak_leaves":84},"minecraft:custom":{"minecraft:mob_kills":63,"minecraft:interact_with_crafting_table":50,"minecraft:leave_game":13,"minecraft:time_since_death":67314,"minecraft:climb_one_cm":1473,"minecraft:sprint_one_cm":939001,"minecraft:walk_one_cm":1784567,"minecraft:drop":101,"minecraft:talked_to_villager":1,"minecraft:play_time":516286,"minecraft:deaths":14,"minecraft:sneak_time":91,"minecraft:walk_under_water_one_cm":67425,"minecraft:boat_one_cm":345655,"minecraft:jump":2945,"minecraft:walk_on_water_one_cm":57923,"minecraft:total_world_time":516286,"minecraft:interact_with_furnace":76,"minecraft:sleep_in_bed":23,"minecraft:time_since_rest":24779,"minecraft:damage_taken":5702,"minecraft:damage_dealt":7965,"minecraft:player_kills":1,"minecraft:swim_one_cm":47693,"minecraft:fly_one_cm":114898,"minecraft:open_chest":3,"minecraft:crouch_one_cm":154,"minecraft:fall_one_cm":44423,"minecraft:horse_one_cm":4548},"minecraft:crafted":{"minecraft:stone_shovel":1,"minecraft:birch_boat":1,"minecraft:cooked_chicken":7,"minecraft:furnace":2,"minecraft:cooked_mutton":17,"minecraft:iron_boots":1,"minecraft:iron_axe":3,"minecraft:stone_pickaxe":6,"minecraft:cooked_beef":7,"minecraft:wooden_shovel":2,"minecraft:cooked_porkchop":5,"minecraft:crafting_table":2,"minecraft:wooden_pickaxe":2,"minecraft:iron_helmet":1,"minecraft:iron_sword":1,"minecraft:cooked_salmon":1,"minecraft:copper_ingot":10,"minecraft:leather_helmet":1,"minecraft:oak_wood":3,"minecraft:birch_planks":88,"minecraft:stone_axe":1,"minecraft:iron_chestplate":1,"minecraft:stick":60,"minecraft:iron_ingot":38,"minecraft:iron_pickaxe":3,"minecraft:wooden_axe":2,"minecraft:stone_sword":2,"minecraft:iron_shovel":2,"minecraft:torch":4},"minecraft:broken":{"minecraft:stone_pickaxe":3,"minecraft:stone_axe":1,"minecraft:wooden_axe":2,"minecraft:stone_shovel":1},"minecraft:dropped":{"minecraft:iron_ingot":2,"minecraft:porkchop":7,"minecraft:wheat_seeds":22,"minecraft:oak_log":146,"minecraft:cooked_porkchop":2,"minecraft:cobblestone":54,"minecraft:leather":9,"minecraft:granite":1,"minecraft:copper_ingot":10,"minecraft:dirt":76,"minecraft:diorite":3,"minecraft:mutton":4,"minecraft:pumpkin":2,"minecraft:sand":31,"minecraft:dandelion":2,"minecraft:bone":6,"minecraft:furnace":1,"minecraft:stone_axe":2,"minecraft:sweet_berries":1,"minecraft:kelp":52,"minecraft:sugar_cane":2,"minecraft:stone_sword":3,"minecraft:raw_copper":81,"minecraft:birch_sapling":6,"minecraft:stone_shovel":7,"minecraft:chicken":4,"minecraft:rotten_flesh":10,"minecraft:white_bed":2,"minecraft:wooden_shovel":1,"minecraft:oak_sapling":36,"minecraft:wooden_pickaxe":2,"minecraft:stone_pickaxe":4,"minecraft:beef":1}},"DataVersion":3955}