{"stats":{"minecraft:custom":{"minecraft:time_since_rest":9159,"minecraft:sprint_one_cm":48007,"minecraft:damage_taken":1906,"minecraft:walk_one_cm":158965,"minecraft:mob_kills":4,"minecraft:drop":1,"minecraft:damage_dealt":996,"minecraft:talked_to_villager":1,"minecraft:swim_one_cm":8831,"minecraft:interact_with_crafting_table":4,"minecraft:fly_one_cm":2512,"minecraft:player_kills":1,"minecraft:play_time":55690,"minecraft:deaths":7,"minecraft:sneak_time":2,"minecraft:walk_under_water_one_cm":8836,"minecraft:jump":185,"minecraft:leave_game":3,"minecraft:walk_on_water_one_cm":7695,"minecraft:time_since_death":10117,"minecraft:sleep_in_bed":3,"minecraft:total_world_time":55690,"minecraft:fall_one_cm":1380},"minecraft:crafted":{"minecraft:crafting_table":1,"minecraft:stick":8,"minecraft:wooden_axe":2,"minecraft:oak_wood":3,"minecraft:birch_planks":12},"minecraft:broken":{"minecraft:wooden_axe":1},"minecraft:dropped":{"minecraft:wheat_seeds":1},"minecraft:killed":{"minecraft:trader_llama":2,"minecraft:chicken":1,"minecraft:wandering_trader":1},"minecraft:killed_by":{"minecraft:player":6,"minecraft:wolf":1},"minecraft:mined":{"minecraft:white_bed":3,"minecraft:birch_log":17,"minecraft:crafting_table":3,"minecraft:torch":2,"minecraft:short_grass":4,"minecraft:grass_block":40,"minecraft:oak_log":21,"minecraft:dirt":26,"minecraft:oak_planks":5,"minecraft:oak_leaves":14},"minecraft:used":{"minecraft:wooden_axe":47,"minecraft:dirt":3,"minecraft:crafting_table":3,"minecraft:white_bed":2},"minecraft:picked_up":{"minecraft:birch_log":31,"minecraft:stick":5,"minecraft:crafting_table":4,"minecraft:feather":1,"minecraft:chicken":1,"minecraft:leather":2,"minecraft:lead":4,"minecraft:torch":3,"minecraft:birch_planks":8,"minecraft:oak_log":38,"minecraft:white_bed":4,"minecraft:dirt":82,"minecraft:oak_wood":3,"minecraft:wheat_seeds":1,"minecraft:oak_planks":12,"minecraft:cobblestone":10}},"DataVersion":3955}