{"stats":{"minecraft:custom":{"minecraft:time_since_rest":12279,"minecraft:interact_with_furnace":2,"minecraft:sprint_one_cm":83187,"minecraft:damage_taken":2106,"minecraft:walk_one_cm":272627,"minecraft:mob_kills":7,"minecraft:drop":3,"minecraft:damage_dealt":1278,"minecraft:interact_with_crafting_table":12,"minecraft:swim_one_cm":8831,"minecraft:talked_to_villager":1,"minecraft:fly_one_cm":5313,"minecraft:player_kills":1,"minecraft:play_time":139024,"minecraft:deaths":7,"minecraft:sneak_time":2,"minecraft:walk_under_water_one_cm":8836,"minecraft:jump":375,"minecraft:leave_game":5,"minecraft:walk_on_water_one_cm":7695,"minecraft:time_since_death":93451,"minecraft:sleep_in_bed":8,"minecraft:total_world_time":139024,"minecraft:fall_one_cm":3338},"minecraft:crafted":{"minecraft:crafting_table":1,"minecraft:stick":20,"minecraft:cooked_chicken":4,"minecraft:stone_pickaxe":3,"minecraft:wooden_pickaxe":2,"minecraft:wooden_axe":2,"minecraft:stone_sword":1,"minecraft:furnace":1,"minecraft:oak_wood":3,"minecraft:birch_planks":32},"minecraft:broken":{"minecraft:stone_pickaxe":1,"minecraft:wooden_axe":2},"minecraft:dropped":{"minecraft:wheat_seeds":1,"minecraft:wooden_pickaxe":2},"minecraft:killed":{"minecraft:trader_llama":2,"minecraft:chicken":4,"minecraft:wandering_trader":1},"minecraft:killed_by":{"minecraft:player":6,"minecraft:wolf":1},"minecraft:mined":{"minecraft:white_bed":8,"minecraft:furnace":1,"minecraft:iron_ore":1,"minecraft:birch_log":24,"minecraft:crafting_table":10,"minecraft:torch":2,"minecraft:short_grass":5,"minecraft:coal_ore":29,"minecraft:grass_block":79,"minecraft:oak_log":39,"minecraft:dirt":86,"minecraft:copper_ore":3,"minecraft:stone":106,"minecraft:oak_planks":5,"minecraft:oak_leaves":26},"minecraft:used":{"minecraft:wooden_axe":93,"minecraft:stone_sword":10,"minecraft:stone_pickaxe":159,"minecraft:wooden_pickaxe":53,"minecraft:cooked_chicken":3,"minecraft:dirt":83,"minecraft:crafting_table":10,"minecraft:furnace":1,"minecraft:white_bed":7},"minecraft:picked_up":{"minecraft:birch_log":38,"minecraft:raw_iron":1,"minecraft:stick":5,"minecraft:crafting_table":11,"minecraft:feather":2,"minecraft:chicken":4,"minecraft:leather":2,"minecraft:lead":4,"minecraft:torch":3,"minecraft:wooden_pickaxe":2,"minecraft:birch_planks":8,"minecraft:oak_log":56,"minecraft:white_bed":9,"minecraft:dirt":181,"minecraft:raw_copper":8,"minecraft:oak_wood":3,"minecraft:wheat_seeds":1,"minecraft:oak_sapling":1,"minecraft:oak_planks":12,"minecraft:coal":29,"minecraft:cobblestone":116,"minecraft:furnace":1}},"DataVersion":3955}