{"stats":{"minecraft:broken":{"minecraft:stone_pickaxe":3,"minecraft:stone_axe":1,"minecraft:wooden_axe":2,"minecraft:stone_shovel":1},"minecraft:dropped":{"minecraft:porkchop":7,"minecraft:wheat_seeds":22,"minecraft:oak_log":88,"minecraft:cooked_porkchop":2,"minecraft:cobblestone":54,"minecraft:leather":9,"minecraft:granite":1,"minecraft:copper_ingot":10,"minecraft:dirt":76,"minecraft:diorite":3,"minecraft:mutton":4,"minecraft:sand":31,"minecraft:dandelion":2,"minecraft:bone":6,"minecraft:furnace":1,"minecraft:stone_axe":2,"minecraft:sweet_berries":1,"minecraft:kelp":52,"minecraft:sugar_cane":2,"minecraft:stone_sword":3,"minecraft:raw_copper":81,"minecraft:birch_sapling":6,"minecraft:stone_shovel":7,"minecraft:chicken":4,"minecraft:rotten_flesh":10,"minecraft:white_bed":2,"minecraft:wooden_shovel":1,"minecraft:oak_sapling":36,"minecraft:wooden_pickaxe":2,"minecraft:stone_pickaxe":4,"minecraft:beef":1},"minecraft:killed_by":{"minecraft:player":7,"minecraft:wolf":1,"minecraft:creeper":1,"minecraft:skeleton":1,"minecraft:zombie":4},"minecraft:custom":{"minecraft:mob_kills":62,"minecraft:interact_with_crafting_table":49,"minecraft:leave_game":12,"minecraft:time_since_death":22690,"minecraft:climb_one_cm":1473,"minecraft:sprint_one_cm":909810,"minecraft:walk_one_cm":1660985,"minecraft:drop":96,"minecraft:talked_to_villager":1,"minecraft:play_time":471662,"minecraft:deaths":14,"minecraft:sneak_time":80,"minecraft:walk_under_water_one_cm":67425,"minecraft:boat_one_cm":345655,"minecraft:jump":2731,"minecraft:walk_on_water_one_cm":57923,"minecraft:total_world_time":471662,"minecraft:interact_with_furnace":49,"minecraft:sleep_in_bed":21,"minecraft:time_since_rest":166,"minecraft:damage_taken":5493,"minecraft:damage_dealt":7765,"minecraft:player_kills":1,"minecraft:swim_one_cm":47693,"minecraft:fly_one_cm":111448,"minecraft:open_chest":3,"minecraft:crouch_one_cm":154,"minecraft:fall_one_cm":40814,"minecraft:horse_one_cm":4548},"minecraft:crafted":{"minecraft:stone_shovel":1,"minecraft:birch_boat":1,"minecraft:cooked_chicken":4,"minecraft:furnace":2,"minecraft:cooked_mutton":17,"minecraft:iron_boots":1,"minecraft:iron_axe":2,"minecraft:stone_pickaxe":6,"minecraft:cooked_beef":7,"minecraft:wooden_shovel":2,"minecraft:crafting_table":2,"minecraft:wooden_pickaxe":2,"minecraft:iron_helmet":1,"minecraft:iron_sword":1,"minecraft:cooked_salmon":1,"minecraft:copper_ingot":10,"minecraft:leather_helmet":1,"minecraft:oak_wood":3,"minecraft:birch_planks":88,"minecraft:stone_axe":1,"minecraft:iron_chestplate":1,"minecraft:stick":56,"minecraft:iron_ingot":24,"minecraft:iron_pickaxe":2,"minecraft:wooden_axe":2,"minecraft:stone_sword":2,"minecraft:iron_shovel":1},"minecraft:used":{"minecraft:stone_sword":194,"minecraft:stone_shovel":208,"minecraft:cooked_salmon":1,"minecraft:cooked_chicken":5,"minecraft:rotten_flesh":1,"minecraft:dirt":202,"minecraft:mutton":3,"minecraft:wooden_axe":93,"minecraft:iron_axe":351,"minecraft:beef":3,"minecraft:furnace":6,"minecraft:cooked_beef":14,"minecraft:cooked_mutton":10,"minecraft:stone_pickaxe":551,"minecraft:birch_boat":1,"minecraft:wooden_pickaxe":53,"minecraft:blue_bed":1,"minecraft:crafting_table":21,"minecraft:spider_eye":1,"minecraft:white_bed":9,"minecraft:apple":1,"minecraft:iron_pickaxe":136,"minecraft:stone_axe":170,"minecraft:pink_bed":9,"minecraft:cobblestone":2,"minecraft:porkchop":3,"minecraft:cooked_porkchop":1},"minecraft:killed":{"minecraft:spider":1,"minecraft:horse":1,"minecraft:skeleton":2,"minecraft:chicken":12,"minecraft:pig":12,"minecraft:salmon":1,"minecraft:wandering_trader":2,"minecraft:sheep":6,"minecraft:trader_llama":3,"minecraft:zombie":3,"minecraft:villager":1,"minecraft:cow":18},"minecraft:mined":{"minecraft:white_bed":11,"minecraft:pink_bed":9,"minecraft:cherry_log":6,"minecraft:glow_lichen":1,"minecraft:granite":4,"minecraft:grass_block":141,"minecraft:furnace":7,"minecraft:iron_ore":27,"minecraft:andesite":70,"minecraft:pumpkin":4,"minecraft:azure_bluet":1,"minecraft:stone":367,"minecraft:dandelion":1,"minecraft:crafting_table":22,"minecraft:torch":2,"minecraft:short_grass":116,"minecraft:cobblestone":13,"minecraft:tall_grass":16,"minecraft:copper_ore":25,"minecraft:lapis_ore":8,"minecraft:oak_planks":5,"minecraft:diorite":18,"minecraft:birch_log":156,"minecraft:birch_leaves":14,"minecraft:oak_log":296,"minecraft:coal_ore":39,"minecraft:sand":33,"minecraft:gravel":1,"minecraft:dirt":236,"minecraft:oak_leaves":79},"minecraft:picked_up":{"minecraft:crafting_table":23,"minecraft:chicken":12,"minecraft:clay_ball":8,"minecraft:leather_leggings":1,"minecraft:lead":5,"minecraft:wooden_pickaxe":2,"minecraft:raw_copper":93,"minecraft:cobbled_deepslate":2,"minecraft:beef":41,"minecraft:wooden_shovel":1,"minecraft:light_gray_wool":3,"minecraft:sugar_cane":2,"minecraft:birch_sapling":8,"minecraft:egg":1,"minecraft:furnace":8,"minecraft:golden_helmet":1,"minecraft:stick":11,"minecraft:raw_iron":25,"minecraft:torch":3,"minecraft:porkchop":26,"minecraft:cherry_log":4,"minecraft:diorite":21,"minecraft:stone_sword":4,"minecraft:arrow":2,"minecraft:stone_shovel":8,"minecraft:rotten_flesh":17,"minecraft:mutton":11,"minecraft:white_wool":4,"minecraft:cobblestone":264,"minecraft:birch_log":190,"minecraft:feather":12,"minecraft:cooked_beef":11,"minecraft:andesite":64,"minecraft:salmon":2,"minecraft:leather":24,"minecraft:golden_leggings":1,"minecraft:birch_planks":8,"minecraft:oak_log":341,"minecraft:golden_boots":1,"minecraft:gunpowder":3,"minecraft:dirt":402,"minecraft:blue_bed":1,"minecraft:lapis_lazuli":50,"minecraft:cooked_mutton":4,"minecraft:bone":6,"minecraft:apple":1,"minecraft:kelp":52,"minecraft:wheat_seeds":31,"minecraft:stone_pickaxe":4,"minecraft:cooked_chicken":1,"minecraft:oak_planks":15,"minecraft:pink_bed":9,"minecraft:cooked_porkchop":3,"minecraft:pumpkin":3,"minecraft:sweet_berries":1,"minecraft:dandelion":2,"minecraft:gravel":2,"minecraft:sand":31,"minecraft:white_bed":14,"minecraft:spider_eye":1,"minecraft:oak_wood":3,"minecraft:stone_axe":4,"minecraft:granite":5,"minecraft:gray_wool":1,"minecraft:oak_sapling":50,"minecraft:coal":63}},"DataVersion":3955}