{"stats":{"minecraft:custom":{"minecraft:interact_with_furnace":67,"minecraft:mob_kills":60,"minecraft:interact_with_crafting_table":16,"minecraft:leave_game":6,"minecraft:time_since_death":2367,"minecraft:sleep_in_bed":2,"minecraft:time_since_rest":2392,"minecraft:sprint_one_cm":173346,"minecraft:damage_taken":1205,"minecraft:walk_one_cm":149473,"minecraft:drop":21,"minecraft:damage_dealt":6999,"minecraft:talked_to_villager":2,"minecraft:swim_one_cm":79895,"minecraft:player_kills":6,"minecraft:fly_one_cm":287537,"minecraft:open_chest":6,"minecraft:crouch_one_cm":176,"minecraft:play_time":111025,"minecraft:deaths":3,"minecraft:sneak_time":513,"minecraft:walk_under_water_one_cm":40891,"minecraft:boat_one_cm":200688,"minecraft:jump":1503,"minecraft:walk_on_water_one_cm":18850,"minecraft:interact_with_smoker":1,"minecraft:total_world_time":111025,"minecraft:fall_one_cm":35579},"minecraft:crafted":{"minecraft:cooked_beef":24,"minecraft:wooden_sword":1,"minecraft:cooked_cod":1,"minecraft:oak_planks":20,"minecraft:diamond_sword":1,"minecraft:cooked_porkchop":9,"minecraft:crafting_table":1,"minecraft:wooden_pickaxe":1,"minecraft:furnace":2,"minecraft:cooked_salmon":8,"minecraft:air":0,"minecraft:diamond_helmet":1,"minecraft:iron_boots":1,"minecraft:iron_chestplate":1,"minecraft:shield":1,"minecraft:iron_axe":1,"minecraft:stick":16,"minecraft:iron_ingot":37,"minecraft:iron_pickaxe":2,"minecraft:stone_pickaxe":1,"minecraft:wooden_axe":1,"minecraft:iron_leggings":1},"minecraft:broken":{"minecraft:stone_pickaxe":1,"minecraft:iron_pickaxe":1,"minecraft:wooden_pickaxe":1},"minecraft:killed":{"minecraft:pig":6,"minecraft:salmon":12,"minecraft:iron_golem":1,"minecraft:cod":2,"minecraft:zombie":1,"minecraft:mooshroom":35,"minecraft:cow":2},"minecraft:dropped":{"minecraft:iron_ingot":9,"minecraft:cobbled_deepslate":84,"minecraft:diamond":7,"minecraft:leather":2,"minecraft:granite":5,"minecraft:poppy":2,"minecraft:wooden_axe":1,"minecraft:golden_leggings":1,"minecraft:oak_sapling":2},"minecraft:killed_by":{"minecraft:player":2,"minecraft:iron_golem":1},"minecraft:mined":{"minecraft:deepslate_diamond_ore":29,"minecraft:crafting_table":1,"minecraft:granite":5,"minecraft:short_grass":2,"minecraft:grass_block":2,"minecraft:cobblestone":2,"minecraft:diorite":23,"minecraft:furnace":2,"minecraft:iron_ore":38,"minecraft:andesite":3,"minecraft:gold_block":1,"minecraft:coal_ore":20,"minecraft:oak_log":17,"minecraft:dirt":1,"minecraft:stone":172,"minecraft:oak_leaves":18,"minecraft:deepslate":106},"minecraft:used":{"minecraft:diorite":18,"minecraft:stone_pickaxe":131,"minecraft:wooden_pickaxe":35,"minecraft:cooked_salmon":7,"minecraft:torch":1,"minecraft:dirt":9,"minecraft:crafting_table":1,"minecraft:wooden_axe":15,"minecraft:iron_axe":55,"minecraft:iron_pickaxe":260,"minecraft:diamond_sword":55,"minecraft:wooden_sword":3,"minecraft:cobblestone":39,"minecraft:cooked_porkchop":2,"minecraft:furnace":2,"minecraft:cooked_cod":1,"minecraft:andesite":3,"minecraft:oak_boat":1,"minecraft:cooked_beef":1,"minecraft:cobbled_deepslate":22},"minecraft:picked_up":{"minecraft:iron_chestplate":1,"minecraft:crafting_table":3,"minecraft:cooked_beef":23,"minecraft:salmon":12,"minecraft:andesite":3,"minecraft:leather":70,"minecraft:golden_leggings":3,"minecraft:diamond_sword":1,"minecraft:acacia_wood":1,"minecraft:gold_block":2,"minecraft:oak_log":23,"minecraft:golden_boots":1,"minecraft:shield":1,"minecraft:dirt":22,"minecraft:iron_axe":1,"minecraft:cooked_salmon":1,"minecraft:flint_and_steel":1,"minecraft:iron_leggings":1,"minecraft:cobbled_deepslate":106,"minecraft:iron_ingot":9,"minecraft:beef":121,"minecraft:oak_boat":1,"minecraft:poppy":2,"minecraft:iron_pickaxe":1,"minecraft:diamond_helmet":1,"minecraft:oak_planks":12,"minecraft:iron_boots":1,"minecraft:furnace":4,"minecraft:golden_helmet":1,"minecraft:stick":6,"minecraft:raw_iron":38,"minecraft:cooked_porkchop":7,"minecraft:torch":1,"minecraft:porkchop":17,"minecraft:diorite":23,"minecraft:diamond":44,"minecraft:granite":5,"minecraft:golden_apple":1,"minecraft:glistering_melon_slice":5,"minecraft:bread":4,"minecraft:oak_sapling":2,"minecraft:coal":36,"minecraft:cod":3,"minecraft:cobblestone":300}},"DataVersion":3955}