{"stats":{"minecraft:used":{"minecraft:diorite":18,"minecraft:stone_pickaxe":131,"minecraft:wooden_pickaxe":35,"minecraft:cooked_salmon":7,"minecraft:torch":1,"minecraft:dirt":1,"minecraft:crafting_table":1,"minecraft:wooden_axe":15,"minecraft:iron_pickaxe":259,"minecraft:diamond_sword":39,"minecraft:wooden_sword":3,"minecraft:cobblestone":39,"minecraft:furnace":2,"minecraft:cooked_cod":1,"minecraft:andesite":3,"minecraft:cobbled_deepslate":22},"minecraft:picked_up":{"minecraft:crafting_table":2,"minecraft:andesite":3,"minecraft:salmon":10,"minecraft:leather":2,"minecraft:oak_log":5,"minecraft:dirt":15,"minecraft:cobbled_deepslate":106,"minecraft:iron_ingot":1,"minecraft:beef":3,"minecraft:oak_planks":7,"minecraft:furnace":2,"minecraft:stick":6,"minecraft:raw_iron":38,"minecraft:torch":1,"minecraft:porkchop":9,"minecraft:diorite":23,"minecraft:diamond":29,"minecraft:granite":5,"minecraft:oak_sapling":1,"minecraft:coal":36,"minecraft:cod":2,"minecraft:cobblestone":184},"minecraft:killed_by":{"minecraft:player":2},"minecraft:killed":{"minecraft:pig":4,"minecraft:salmon":12,"minecraft:cod":2,"minecraft:zombie":1,"minecraft:cow":2},"minecraft:mined":{"minecraft:deepslate_diamond_ore":29,"minecraft:crafting_table":1,"minecraft:granite":5,"minecraft:short_grass":1,"minecraft:grass_block":1,"minecraft:cobblestone":2,"minecraft:diorite":23,"minecraft:furnace":2,"minecraft:iron_ore":38,"minecraft:andesite":3,"minecraft:oak_log":5,"minecraft:coal_ore":20,"minecraft:dirt":1,"minecraft:stone":172,"minecraft:oak_leaves":11,"minecraft:deepslate":106},"minecraft:custom":{"minecraft:interact_with_furnace":36,"minecraft:mob_kills":22,"minecraft:interact_with_crafting_table":15,"minecraft:leave_game":4,"minecraft:time_since_death":55735,"minecraft:sleep_in_bed":2,"minecraft:time_since_rest":3547,"minecraft:sprint_one_cm":98476,"minecraft:damage_taken":782,"minecraft:walk_one_cm":96414,"minecraft:drop":6,"minecraft:damage_dealt":2749,"minecraft:swim_one_cm":59584,"minecraft:player_kills":6,"minecraft:fly_one_cm":143209,"minecraft:crouch_one_cm":176,"minecraft:play_time":81134,"minecraft:deaths":2,"minecraft:sneak_time":115,"minecraft:walk_under_water_one_cm":23677,"minecraft:jump":954,"minecraft:walk_on_water_one_cm":13422,"minecraft:total_world_time":81134,"minecraft:fall_one_cm":18334},"minecraft:crafted":{"minecraft:wooden_sword":1,"minecraft:cooked_cod":1,"minecraft:oak_planks":20,"minecraft:diamond_sword":1,"minecraft:cooked_porkchop":4,"minecraft:crafting_table":1,"minecraft:wooden_pickaxe":1,"minecraft:furnace":2,"minecraft:cooked_salmon":8,"minecraft:air":0,"minecraft:diamond_helmet":1,"minecraft:iron_chestplate":1,"minecraft:iron_boots":1,"minecraft:shield":1,"minecraft:stick":16,"minecraft:iron_ingot":37,"minecraft:iron_pickaxe":2,"minecraft:stone_pickaxe":1,"minecraft:wooden_axe":1,"minecraft:iron_leggings":1},"minecraft:dropped":{"minecraft:cobbled_deepslate":84,"minecraft:leather":2,"minecraft:granite":5,"minecraft:wooden_axe":1,"minecraft:oak_sapling":1},"minecraft:broken":{"minecraft:stone_pickaxe":1,"minecraft:iron_pickaxe":1,"minecraft:wooden_pickaxe":1}},"DataVersion":3955}