{"stats":{"minecraft:crafted":{"minecraft:cooked_beef":24,"minecraft:wooden_sword":1,"minecraft:cooked_cod":1,"minecraft:oak_planks":20,"minecraft:diamond_sword":1,"minecraft:cooked_porkchop":9,"minecraft:crafting_table":1,"minecraft:wooden_pickaxe":1,"minecraft:furnace":2,"minecraft:cooked_salmon":8,"minecraft:air":0,"minecraft:diamond_helmet":1,"minecraft:iron_boots":1,"minecraft:iron_chestplate":1,"minecraft:shield":1,"minecraft:iron_axe":1,"minecraft:stick":16,"minecraft:iron_ingot":37,"minecraft:iron_pickaxe":2,"minecraft:stone_pickaxe":1,"minecraft:wooden_axe":1,"minecraft:iron_leggings":1,"minecraft:white_bed":1},"minecraft:killed":{"minecraft:pig":6,"minecraft:salmon":12,"minecraft:iron_golem":1,"minecraft:cod":2,"minecraft:sheep":3,"minecraft:zombie":5,"minecraft:mooshroom":35,"minecraft:enderman":1,"minecraft:cow":3},"minecraft:custom":{"minecraft:interact_with_furnace":67,"minecraft:mob_kills":69,"minecraft:interact_with_crafting_table":18,"minecraft:leave_game":11,"minecraft:time_since_death":118280,"minecraft:sleep_in_bed":5,"minecraft:time_since_rest":9961,"minecraft:sprint_one_cm":231885,"minecraft:damage_taken":1495,"minecraft:walk_one_cm":200178,"minecraft:damage_blocked_by_shield":10,"minecraft:drop":28,"minecraft:damage_dealt":8579,"minecraft:swim_one_cm":81421,"minecraft:talked_to_villager":4,"minecraft:fly_one_cm":447401,"minecraft:player_kills":6,"minecraft:open_chest":24,"minecraft:crouch_one_cm":216,"minecraft:play_time":226938,"minecraft:deaths":3,"minecraft:sneak_time":553,"minecraft:walk_under_water_one_cm":41028,"minecraft:boat_one_cm":200688,"minecraft:jump":2056,"minecraft:walk_on_water_one_cm":19694,"minecraft:interact_with_smoker":1,"minecraft:total_world_time":226938,"minecraft:fall_one_cm":54515},"minecraft:broken":{"minecraft:stone_pickaxe":1,"minecraft:iron_pickaxe":1,"minecraft:wooden_pickaxe":1},"minecraft:dropped":{"minecraft:golden_boots":1,"minecraft:iron_ingot":9,"minecraft:acacia_wood":2,"minecraft:golden_helmet":1,"minecraft:cobbled_deepslate":84,"minecraft:diamond":7,"minecraft:rotten_flesh":2,"minecraft:leather":2,"minecraft:granite":5,"minecraft:grass_block":1,"minecraft:poppy":2,"minecraft:wooden_axe":1,"minecraft:golden_leggings":2,"minecraft:oak_sapling":2},"minecraft:used":{"minecraft:diorite":18,"minecraft:stone_pickaxe":131,"minecraft:shield":1,"minecraft:wooden_pickaxe":35,"minecraft:cooked_salmon":7,"minecraft:orange_bed":1,"minecraft:torch":1,"minecraft:dirt":9,"minecraft:crafting_table":2,"minecraft:carrot":1,"minecraft:wooden_axe":15,"minecraft:iron_axe":56,"minecraft:iron_pickaxe":285,"minecraft:diamond_sword":80,"minecraft:wooden_sword":3,"minecraft:cobblestone":39,"minecraft:furnace":2,"minecraft:cooked_porkchop":2,"minecraft:cooked_cod":1,"minecraft:andesite":3,"minecraft:oak_boat":1,"minecraft:cooked_beef":5,"minecraft:cobbled_deepslate":22},"minecraft:mined":{"minecraft:deepslate_diamond_ore":29,"minecraft:dandelion":1,"minecraft:crafting_table":2,"minecraft:granite":5,"minecraft:short_grass":2,"minecraft:grass_block":3,"minecraft:cobblestone":2,"minecraft:diorite":23,"minecraft:furnace":2,"minecraft:carrots":1,"minecraft:iron_ore":38,"minecraft:andesite":3,"minecraft:gold_block":1,"minecraft:coal_ore":42,"minecraft:oak_log":17,"minecraft:dirt":1,"minecraft:stone":174,"minecraft:oak_leaves":18,"minecraft:deepslate":106,"minecraft:orange_bed":1},"minecraft:killed_by":{"minecraft:player":2,"minecraft:iron_golem":1},"minecraft:picked_up":{"minecraft:iron_chestplate":1,"minecraft:crafting_table":4,"minecraft:cooked_beef":23,"minecraft:andesite":3,"minecraft:salmon":12,"minecraft:leather":72,"minecraft:golden_leggings":3,"minecraft:diamond_sword":1,"minecraft:acacia_wood":2,"minecraft:gold_block":2,"minecraft:oak_log":23,"minecraft:golden_boots":1,"minecraft:shield":1,"minecraft:dirt":22,"minecraft:iron_axe":1,"minecraft:cooked_salmon":1,"minecraft:flint_and_steel":1,"minecraft:iron_leggings":1,"minecraft:cobbled_deepslate":106,"minecraft:iron_ingot":9,"minecraft:beef":124,"minecraft:oak_boat":1,"minecraft:poppy":2,"minecraft:iron_pickaxe":1,"minecraft:diamond_helmet":1,"minecraft:oak_planks":12,"minecraft:iron_boots":1,"minecraft:furnace":4,"minecraft:golden_helmet":1,"minecraft:stick":6,"minecraft:raw_iron":38,"minecraft:cooked_porkchop":7,"minecraft:torch":1,"minecraft:porkchop":17,"minecraft:grass_block":1,"minecraft:carrot":3,"minecraft:diorite":23,"minecraft:white_bed":1,"minecraft:orange_bed":1,"minecraft:rotten_flesh":2,"minecraft:diamond":44,"minecraft:granite":5,"minecraft:golden_apple":1,"minecraft:bread":4,"minecraft:glistering_melon_slice":5,"minecraft:oak_sapling":2,"minecraft:coal":58,"minecraft:mutton":3,"minecraft:cod":3,"minecraft:white_wool":3,"minecraft:cobblestone":302}},"DataVersion":3955}