{"stats":{"minecraft:crafted":{"minecraft:cooked_beef":4,"minecraft:cherry_planks":80,"minecraft:cooked_cod":10,"minecraft:oak_planks":836,"minecraft:emerald":26,"minecraft:leather_leggings":1,"minecraft:leather_boots":1,"minecraft:crafting_table":2,"minecraft:wooden_pickaxe":1,"minecraft:iron_sword":1,"minecraft:furnace":3,"minecraft:leather_helmet":1,"minecraft:bone_meal":3,"minecraft:stone_axe":2,"minecraft:bread":61,"minecraft:cooked_mutton":8,"minecraft:air":0,"minecraft:oak_boat":1,"minecraft:iron_chestplate":1,"minecraft:stick":852,"minecraft:leather_chestplate":1,"minecraft:iron_ingot":49,"minecraft:iron_pickaxe":1,"minecraft:stone_pickaxe":2,"minecraft:stone_sword":1,"minecraft:iron_leggings":1,"minecraft:wheat":189},"minecraft:killed":{"minecraft:pig":3,"minecraft:zombie_villager":1,"minecraft:cod":11,"minecraft:creeper":2,"minecraft:skeleton":2,"minecraft:sheep":3,"minecraft:zombie":6,"minecraft:cow":8},"minecraft:custom":{"minecraft:interact_with_furnace":64,"minecraft:mob_kills":37,"minecraft:traded_with_villager":26,"minecraft:interact_with_crafting_table":30,"minecraft:leave_game":6,"minecraft:time_since_death":90875,"minecraft:sleep_in_bed":6,"minecraft:climb_one_cm":1157,"minecraft:time_since_rest":26465,"minecraft:sprint_one_cm":212325,"minecraft:damage_taken":893,"minecraft:walk_one_cm":278540,"minecraft:drop":536,"minecraft:damage_dealt":4662,"minecraft:swim_one_cm":16462,"minecraft:talked_to_villager":5,"minecraft:fly_one_cm":423999,"minecraft:open_chest":3,"minecraft:crouch_one_cm":9030,"minecraft:play_time":90875,"minecraft:sneak_time":2450,"minecraft:walk_under_water_one_cm":11679,"minecraft:boat_one_cm":207788,"minecraft:jump":2369,"minecraft:walk_on_water_one_cm":7065,"minecraft:total_world_time":90875,"minecraft:fall_one_cm":71062,"minecraft:horse_one_cm":9170},"minecraft:broken":{"minecraft:stone_axe":1},"minecraft:dropped":{"minecraft:furnace":1,"minecraft:stone_axe":1,"minecraft:porkchop":7,"minecraft:wheat_seeds":54,"minecraft:cooked_beef":3,"minecraft:crafting_table":1,"minecraft:wheat":7,"minecraft:birch_sapling":2,"minecraft:raw_iron":21,"minecraft:composter":2,"minecraft:feather":6,"minecraft:cobblestone":10,"minecraft:rotten_flesh":6,"minecraft:grindstone":3,"minecraft:oak_planks":404,"minecraft:leather":4,"minecraft:apple":4,"minecraft:azure_bluet":1,"minecraft:coal":6,"minecraft:stick":11,"minecraft:poppy":2,"minecraft:leather_chestplate":1,"minecraft:dirt":3,"minecraft:gunpowder":4,"minecraft:brewing_stand":1,"minecraft:torch":10,"minecraft:mutton":6,"minecraft:cherry_planks":79,"minecraft:oak_sapling":2,"minecraft:leather_leggings":1,"minecraft:wooden_pickaxe":5,"minecraft:stone_pickaxe":3,"minecraft:white_wool":3,"minecraft:bone":1,"minecraft:dandelion":36},"minecraft:used":{"minecraft:cooked_mutton":5,"minecraft:stone_sword":20,"minecraft:stone_pickaxe":57,"minecraft:oak_planks":9,"minecraft:iron_sword":33,"minecraft:leather_chestplate":1,"minecraft:wooden_pickaxe":3,"minecraft:cherry_planks":1,"minecraft:iron_chestplate":1,"minecraft:dirt":7,"minecraft:crafting_table":8,"minecraft:white_bed":1,"minecraft:granite":11,"minecraft:iron_axe":133,"minecraft:bread":9,"minecraft:iron_pickaxe":185,"minecraft:stone_axe":152,"minecraft:cobblestone":65,"minecraft:hay_block":1,"minecraft:furnace":5,"minecraft:oak_sapling":34,"minecraft:cooked_cod":10,"minecraft:oak_boat":3,"minecraft:cooked_beef":1,"minecraft:bone_meal":4},"minecraft:mined":{"minecraft:white_bed":1,"minecraft:cherry_log":20,"minecraft:dandelion":4,"minecraft:crafting_table":6,"minecraft:granite":11,"minecraft:short_grass":37,"minecraft:grass_block":15,"minecraft:poppy":4,"minecraft:cobblestone":9,"minecraft:tall_grass":2,"minecraft:oak_planks":26,"minecraft:wall_torch":1,"minecraft:hay_block":22,"minecraft:furnace":5,"minecraft:iron_ore":70,"minecraft:coal_ore":34,"minecraft:oak_log":209,"minecraft:cherry_leaves":2,"minecraft:dirt":25,"minecraft:stone":105,"minecraft:oak_leaves":7},"minecraft:picked_up":{"minecraft:feather":6,"minecraft:crafting_table":8,"minecraft:wheat":1,"minecraft:azure_bluet":1,"minecraft:leather":28,"minecraft:wooden_pickaxe":4,"minecraft:oak_log":209,"minecraft:brewing_stand":2,"minecraft:gunpowder":5,"minecraft:dirt":40,"minecraft:iron_axe":1,"minecraft:bone":4,"minecraft:apple":8,"minecraft:wheat_seeds":54,"minecraft:grindstone":3,"minecraft:beef":16,"minecraft:stone_pickaxe":1,"minecraft:oak_boat":3,"minecraft:poppy":2,"minecraft:birch_sapling":2,"minecraft:oak_planks":65,"minecraft:furnace":5,"minecraft:stick":34,"minecraft:raw_iron":70,"minecraft:composter":2,"minecraft:torch":16,"minecraft:dandelion":36,"minecraft:porkchop":7,"minecraft:cherry_log":20,"minecraft:white_bed":1,"minecraft:arrow":3,"minecraft:rotten_flesh":8,"minecraft:stone_shovel":1,"minecraft:stone_axe":1,"minecraft:hay_block":22,"minecraft:granite":11,"minecraft:bone_meal":1,"minecraft:oak_sapling":36,"minecraft:mutton":14,"minecraft:coal":66,"minecraft:cod":10,"minecraft:white_wool":3,"minecraft:cobblestone":114}},"DataVersion":3955}