{"stats":{"minecraft:broken":{"minecraft:stone_sword":1,"minecraft:stone_axe":2,"minecraft:iron_sword":1},"minecraft:dropped":{"minecraft:iron_ingot":8,"minecraft:bread":1,"minecraft:iron_sword":3,"minecraft:birch_planks":11,"minecraft:porkchop":3,"minecraft:moss_block":1,"minecraft:wheat_seeds":35,"minecraft:cooked_beef":12,"minecraft:crafting_table":1,"minecraft:cooked_porkchop":12,"minecraft:feather":3,"minecraft:cobblestone":4,"minecraft:leather":2,"minecraft:granite":2,"minecraft:coal":8,"minecraft:stick":573,"minecraft:dirt":6,"minecraft:sand":2,"minecraft:string":2,"minecraft:pink_petals":4,"minecraft:white_wool":4,"minecraft:dandelion":6,"minecraft:furnace":1,"minecraft:stone_axe":3,"minecraft:sweet_berries":1,"minecraft:kelp":79,"minecraft:sugar_cane":3,"minecraft:cooked_chicken":1,"minecraft:stone_sword":4,"minecraft:raw_copper":18,"minecraft:birch_sapling":4,"minecraft:stone_shovel":5,"minecraft:chicken":1,"minecraft:rotten_flesh":3,"minecraft:oak_planks":1,"minecraft:cooked_mutton":5,"minecraft:white_bed":2,"minecraft:carrot":1,"minecraft:gunpowder":4,"minecraft:oak_sapling":23,"minecraft:wooden_shovel":1,"minecraft:bow":1,"minecraft:stone_pickaxe":1,"minecraft:egg":1},"minecraft:killed_by":{"minecraft:zombie":1},"minecraft:custom":{"minecraft:mob_kills":71,"minecraft:interact_with_crafting_table":27,"minecraft:leave_game":5,"minecraft:time_since_death":138804,"minecraft:climb_one_cm":1979,"minecraft:sprint_one_cm":824978,"minecraft:walk_one_cm":863036,"minecraft:drop":126,"minecraft:talked_to_villager":14,"minecraft:play_time":300370,"minecraft:deaths":3,"minecraft:sneak_time":244,"minecraft:walk_under_water_one_cm":72965,"minecraft:boat_one_cm":555748,"minecraft:jump":3716,"minecraft:walk_on_water_one_cm":82587,"minecraft:total_world_time":300370,"minecraft:interact_with_furnace":76,"minecraft:traded_with_villager":33,"minecraft:sleep_in_bed":18,"minecraft:time_since_rest":30461,"minecraft:damage_taken":3641,"minecraft:damage_dealt":8367,"minecraft:swim_one_cm":110856,"minecraft:fly_one_cm":544474,"minecraft:player_kills":1,"minecraft:open_chest":23,"minecraft:crouch_one_cm":132,"minecraft:fall_one_cm":87070},"minecraft:crafted":{"minecraft:oak_planks":844,"minecraft:stone_shovel":1,"minecraft:birch_boat":1,"minecraft:cooked_chicken":6,"minecraft:furnace":1,"minecraft:cooked_mutton":21,"minecraft:stone_pickaxe":11,"minecraft:chest":1,"minecraft:cooked_beef":35,"minecraft:emerald":33,"minecraft:cooked_porkchop":73,"minecraft:crafting_table":5,"minecraft:iron_sword":2,"minecraft:bucket":1,"minecraft:birch_planks":116,"minecraft:stone_axe":10,"minecraft:air":0,"minecraft:emerald_block":15,"minecraft:stick":1504,"minecraft:leather_chestplate":1,"minecraft:iron_ingot":37,"minecraft:stone_sword":2,"minecraft:white_bed":2,"minecraft:torch":88},"minecraft:used":{"minecraft:stone_sword":155,"minecraft:chest":1,"minecraft:iron_sword":485,"minecraft:cooked_chicken":4,"minecraft:rotten_flesh":4,"minecraft:torch":73,"minecraft:dirt":126,"minecraft:lava_bucket":7,"minecraft:sweet_berries":31,"minecraft:furnace":9,"minecraft:cooked_beef":2,"minecraft:cooked_mutton":3,"minecraft:water_bucket":17,"minecraft:stone_pickaxe":235,"minecraft:birch_boat":6,"minecraft:white_wool":3,"minecraft:salmon":9,"minecraft:sand":1,"minecraft:crafting_table":8,"minecraft:white_bed":5,"minecraft:cod":2,"minecraft:apple":2,"minecraft:stone_axe":389,"minecraft:cobblestone":91,"minecraft:cooked_porkchop":29,"minecraft:bucket":25,"minecraft:oak_boat":1},"minecraft:killed":{"minecraft:spider":2,"minecraft:cod":4,"minecraft:skeleton":3,"minecraft:chicken":3,"minecraft:pig":21,"minecraft:salmon":11,"minecraft:creeper":2,"minecraft:sheep":10,"minecraft:zombie":5,"minecraft:cow":7},"minecraft:mined":{"minecraft:oak_sapling":1,"minecraft:white_bed":5,"minecraft:granite":1,"minecraft:grass_block":40,"minecraft:spruce_leaves":5,"minecraft:kelp":3,"minecraft:furnace":8,"minecraft:carrots":11,"minecraft:iron_ore":13,"minecraft:cobbled_deepslate":1,"minecraft:stone":144,"minecraft:kelp_plant":5,"minecraft:dandelion":2,"minecraft:crafting_table":5,"minecraft:torch":33,"minecraft:short_grass":166,"minecraft:cobblestone":4,"minecraft:copper_ore":2,"minecraft:tall_grass":27,"minecraft:sugar_cane":2,"minecraft:wall_torch":3,"minecraft:pink_petals":1,"minecraft:seagrass":1,"minecraft:birch_log":29,"minecraft:sweet_berry_bush":23,"minecraft:birch_leaves":10,"minecraft:yellow_stained_glass_pane":1,"minecraft:oak_log":207,"minecraft:coal_ore":19,"minecraft:sand":8,"minecraft:dirt":48,"minecraft:oak_leaves":111,"minecraft:fern":1},"minecraft:picked_up":{"minecraft:crafting_table":9,"minecraft:wheat":1,"minecraft:azure_bluet":1,"minecraft:chicken":9,"minecraft:leather_leggings":1,"minecraft:lead":1,"minecraft:wooden_pickaxe":1,"minecraft:string":2,"minecraft:iron_axe":1,"minecraft:raw_copper":30,"minecraft:iron_leggings":1,"minecraft:beef":36,"minecraft:oak_boat":2,"minecraft:wooden_shovel":1,"minecraft:poppy":2,"minecraft:iron_pickaxe":1,"minecraft:sugar_cane":3,"minecraft:birch_sapling":10,"minecraft:egg":1,"minecraft:furnace":9,"minecraft:stick":553,"minecraft:raw_iron":36,"minecraft:torch":46,"minecraft:porkchop":55,"minecraft:carrot":42,"minecraft:stone_sword":5,"minecraft:arrow":14,"minecraft:stone_shovel":4,"minecraft:rotten_flesh":14,"minecraft:mutton":35,"minecraft:cod":2,"minecraft:white_wool":19,"minecraft:cobblestone":454,"minecraft:birch_log":129,"minecraft:pink_petals":4,"minecraft:feather":10,"minecraft:cooked_beef":6,"minecraft:water_bucket":1,"minecraft:salmon":9,"minecraft:leather":19,"minecraft:birch_planks":17,"minecraft:oak_log":448,"minecraft:gunpowder":4,"minecraft:dirt":223,"minecraft:cooked_mutton":12,"minecraft:bone":3,"minecraft:apple":3,"minecraft:kelp":99,"minecraft:bow":1,"minecraft:wheat_seeds":42,"minecraft:bell":1,"minecraft:iron_ingot":2,"minecraft:stone_pickaxe":5,"minecraft:oak_planks":345,"minecraft:iron_sword":3,"minecraft:pink_bed":1,"minecraft:birch_boat":6,"minecraft:sweet_berries":63,"minecraft:dandelion":6,"minecraft:sand":14,"minecraft:white_bed":8,"minecraft:stone_axe":6,"minecraft:granite":2,"minecraft:emerald":104,"minecraft:oak_sapling":62,"minecraft:coal":30}},"DataVersion":3955}