{"stats":{"minecraft:picked_up":{"minecraft:sand":1,"minecraft:oak_sapling":2},"minecraft:mined":{"minecraft:oak_log":1,"minecraft:oak_leaves":5,"minecraft:sand":1},"minecraft:custom":{"minecraft:jump":125,"minecraft:time_since_rest":7191,"minecraft:damage_taken":20,"minecraft:leave_game":2,"minecraft:sprint_one_cm":12674,"minecraft:play_time":7191,"minecraft:time_since_death":7191,"minecraft:walk_on_water_one_cm":679,"minecraft:walk_one_cm":9884,"minecraft:sneak_time":5,"minecraft:total_world_time":7191,"minecraft:walk_under_water_one_cm":1099,"minecraft:drop":3,"minecraft:swim_one_cm":1603,"minecraft:fall_one_cm":3826,"minecraft:fly_one_cm":38361},"minecraft:dropped":{"minecraft:sand":1,"minecraft:oak_sapling":2}},"DataVersion":3955}