{"stats":{"minecraft:custom":{"minecraft:time_since_rest":17466,"minecraft:interact_with_furnace":15,"minecraft:sprint_one_cm":21433,"minecraft:damage_taken":70,"minecraft:walk_one_cm":53214,"minecraft:mob_kills":22,"minecraft:drop":5,"minecraft:damage_dealt":2200,"minecraft:swim_one_cm":4365,"minecraft:interact_with_crafting_table":11,"minecraft:fly_one_cm":23885,"minecraft:crouch_one_cm":307,"minecraft:play_time":23967,"minecraft:sneak_time":189,"minecraft:walk_under_water_one_cm":2340,"minecraft:boat_one_cm":112769,"minecraft:jump":251,"minecraft:time_since_death":23967,"minecraft:walk_on_water_one_cm":629,"minecraft:sleep_in_bed":1,"minecraft:total_world_time":23967,"minecraft:fall_one_cm":1732},"minecraft:crafted":{"minecraft:cooked_beef":25,"minecraft:oak_boat":1,"minecraft:oak_planks":44,"minecraft:diamond_pickaxe":1,"minecraft:crafting_table":1,"minecraft:stick":48,"minecraft:wooden_pickaxe":1,"minecraft:stone_pickaxe":2,"minecraft:furnace":2,"minecraft:torch":40,"minecraft:birch_planks":28,"minecraft:stone_axe":1,"minecraft:air":0},"minecraft:killed":{"minecraft:mooshroom":22},"minecraft:dropped":{"minecraft:torch":1,"minecraft:oak_sapling":1,"minecraft:stone_pickaxe":2,"minecraft:wooden_pickaxe":1},"minecraft:mined":{"minecraft:birch_log":7,"minecraft:birch_leaves":5,"minecraft:andesite":2,"minecraft:torch":1,"minecraft:oak_log":11,"minecraft:mushroom_stem":5,"minecraft:red_mushroom_block":3,"minecraft:stone":26,"minecraft:oak_leaves":2},"minecraft:used":{"minecraft:stone_pickaxe":20,"minecraft:wooden_pickaxe":8,"minecraft:stone_axe":38,"minecraft:torch":5,"minecraft:crafting_table":1,"minecraft:furnace":2,"minecraft:andesite":2,"minecraft:oak_boat":1,"minecraft:cooked_beef":2},"minecraft:picked_up":{"minecraft:birch_log":7,"minecraft:andesite":2,"minecraft:leather":27,"minecraft:torch":2,"minecraft:red_mushroom":2,"minecraft:oak_log":11,"minecraft:diamond":7,"minecraft:beef":48,"minecraft:iron_ingot":5,"minecraft:oak_sapling":1,"minecraft:cobblestone":26}},"DataVersion":3955}