{"stats":{"minecraft:custom":{"minecraft:time_since_rest":5466,"minecraft:interact_with_furnace":4,"minecraft:sprint_one_cm":5593,"minecraft:damage_taken":70,"minecraft:walk_one_cm":31571,"minecraft:drop":2,"minecraft:interact_with_crafting_table":8,"minecraft:fly_one_cm":7802,"minecraft:crouch_one_cm":307,"minecraft:play_time":11967,"minecraft:sneak_time":158,"minecraft:walk_under_water_one_cm":548,"minecraft:jump":125,"minecraft:time_since_death":11967,"minecraft:walk_on_water_one_cm":209,"minecraft:sleep_in_bed":1,"minecraft:total_world_time":11967,"minecraft:fall_one_cm":269},"minecraft:crafted":{"minecraft:oak_boat":1,"minecraft:oak_planks":44,"minecraft:diamond_pickaxe":1,"minecraft:stick":48,"minecraft:wooden_pickaxe":1,"minecraft:stone_pickaxe":2,"minecraft:torch":40,"minecraft:birch_planks":28,"minecraft:stone_axe":1},"minecraft:dropped":{"minecraft:torch":1,"minecraft:wooden_pickaxe":1},"minecraft:mined":{"minecraft:birch_log":7,"minecraft:birch_leaves":5,"minecraft:andesite":2,"minecraft:torch":1,"minecraft:oak_log":11,"minecraft:stone":26,"minecraft:oak_leaves":2},"minecraft:used":{"minecraft:stone_pickaxe":20,"minecraft:wooden_pickaxe":8,"minecraft:stone_axe":13,"minecraft:torch":4,"minecraft:andesite":2,"minecraft:oak_boat":1},"minecraft:picked_up":{"minecraft:birch_log":7,"minecraft:andesite":2,"minecraft:torch":2,"minecraft:oak_log":11,"minecraft:diamond":7,"minecraft:iron_ingot":5,"minecraft:cobblestone":26}},"DataVersion":3955}