{"stats":{"minecraft:custom":{"minecraft:interact_with_furnace":21,"minecraft:mob_kills":29,"minecraft:interact_with_cartography_table":1,"minecraft:interact_with_crafting_table":16,"minecraft:bell_ring":1,"minecraft:leave_game":1,"minecraft:time_since_death":43438,"minecraft:sleep_in_bed":2,"minecraft:time_since_rest":49,"minecraft:sprint_one_cm":43282,"minecraft:damage_taken":432,"minecraft:walk_one_cm":80316,"minecraft:drop":5,"minecraft:damage_dealt":3776,"minecraft:swim_one_cm":13595,"minecraft:fly_one_cm":61755,"minecraft:open_chest":4,"minecraft:crouch_one_cm":3010,"minecraft:play_time":43438,"minecraft:sneak_time":1468,"minecraft:walk_under_water_one_cm":24256,"minecraft:boat_one_cm":226247,"minecraft:jump":429,"minecraft:walk_on_water_one_cm":5527,"minecraft:total_world_time":43438,"minecraft:fall_one_cm":6504},"minecraft:broken":{"minecraft:stone_axe":1},"minecraft:crafted":{"minecraft:cooked_beef":37,"minecraft:oak_planks":44,"minecraft:leather_leggings":1,"minecraft:leather_boots":1,"minecraft:crafting_table":1,"minecraft:wooden_pickaxe":1,"minecraft:iron_helmet":1,"minecraft:furnace":2,"minecraft:leather_helmet":1,"minecraft:birch_planks":28,"minecraft:stone_axe":1,"minecraft:air":0,"minecraft:oak_boat":1,"minecraft:diamond_pickaxe":1,"minecraft:iron_axe":1,"minecraft:stick":48,"minecraft:leather_chestplate":1,"minecraft:stone_pickaxe":2,"minecraft:acacia_planks":8,"minecraft:torch":40},"minecraft:dropped":{"minecraft:torch":1,"minecraft:oak_sapling":1,"minecraft:wooden_pickaxe":1,"minecraft:stone_pickaxe":2},"minecraft:killed":{"minecraft:armadillo":1,"minecraft:mooshroom":25,"minecraft:drowned":1,"minecraft:cow":2},"minecraft:mined":{"minecraft:crafting_table":2,"minecraft:torch":3,"minecraft:short_grass":14,"minecraft:acacia_log":8,"minecraft:mushroom_stem":5,"minecraft:kelp":2,"minecraft:wall_torch":3,"minecraft:seagrass":1,"minecraft:tall_seagrass":1,"minecraft:furnace":2,"minecraft:birch_log":7,"minecraft:acacia_wood":2,"minecraft:andesite":2,"minecraft:birch_leaves":5,"minecraft:pumpkin":12,"minecraft:gold_block":1,"minecraft:oak_log":11,"minecraft:acacia_fence":1,"minecraft:sunflower":4,"minecraft:red_mushroom_block":3,"minecraft:stone":26,"minecraft:oak_leaves":2,"minecraft:orange_bed":2},"minecraft:used":{"minecraft:stone_pickaxe":20,"minecraft:wooden_pickaxe":8,"minecraft:orange_bed":2,"minecraft:torch":10,"minecraft:crafting_table":2,"minecraft:diamond_pickaxe":12,"minecraft:iron_axe":33,"minecraft:map":1,"minecraft:stone_axe":93,"minecraft:furnace":2,"minecraft:andesite":2,"minecraft:oak_boat":1,"minecraft:cooked_beef":6,"minecraft:acacia_planks":8,"minecraft:pumpkin":12},"minecraft:picked_up":{"minecraft:birch_log":7,"minecraft:crafting_table":2,"minecraft:andesite":2,"minecraft:leather":31,"minecraft:red_mushroom":2,"minecraft:acacia_wood":1,"minecraft:gold_block":1,"minecraft:oak_log":11,"minecraft:wheat_seeds":3,"minecraft:iron_ingot":9,"minecraft:beef":54,"minecraft:oak_boat":1,"minecraft:furnace":2,"minecraft:acacia_fence":1,"minecraft:pumpkin":12,"minecraft:torch":8,"minecraft:acacia_log":7,"minecraft:orange_bed":2,"minecraft:diamond":7,"minecraft:oak_sapling":1,"minecraft:brown_banner":1,"minecraft:cobblestone":26,"minecraft:sunflower":4}},"DataVersion":3955}