{"stats":{"minecraft:crafted":{"minecraft:cherry_planks":4,"minecraft:oak_planks":480,"minecraft:stone_shovel":1,"minecraft:leather_leggings":1,"minecraft:leather_boots":1,"minecraft:pink_bed":1,"minecraft:cooked_chicken":2,"minecraft:furnace":4,"minecraft:yellow_bed":1,"minecraft:bone_meal":27,"minecraft:pink_dye":2,"minecraft:iron_axe":3,"minecraft:stone_pickaxe":3,"minecraft:diamond_boots":1,"minecraft:cooked_beef":72,"minecraft:emerald":71,"minecraft:cooked_porkchop":4,"minecraft:crafting_table":4,"minecraft:iron_helmet":1,"minecraft:wooden_pickaxe":2,"minecraft:blue_bed":1,"minecraft:cooked_salmon":1,"minecraft:leather_helmet":1,"minecraft:fletching_table":2,"minecraft:birch_planks":36,"minecraft:stone_axe":3,"minecraft:air":0,"minecraft:blue_dye":1,"minecraft:oak_boat":3,"minecraft:yellow_dye":1,"minecraft:diamond_pickaxe":1,"minecraft:stick":1836,"minecraft:leather_chestplate":1,"minecraft:iron_ingot":23,"minecraft:iron_pickaxe":1,"minecraft:gold_ingot":9,"minecraft:white_bed":4,"minecraft:acacia_planks":8,"minecraft:torch":40},"minecraft:killed":{"minecraft:armadillo":1,"minecraft:spider":7,"minecraft:horse":1,"minecraft:skeleton":3,"minecraft:chicken":1,"minecraft:drowned":1,"minecraft:pig":13,"minecraft:zombie_villager":1,"minecraft:creeper":4,"minecraft:sheep":13,"minecraft:trader_llama":1,"minecraft:zombie":21,"minecraft:mooshroom":25,"minecraft:cow":26},"minecraft:custom":{"minecraft:mob_kills":120,"minecraft:interact_with_crafting_table":52,"minecraft:bell_ring":4,"minecraft:leave_game":2,"minecraft:time_since_death":223451,"minecraft:climb_one_cm":4953,"minecraft:sprint_one_cm":428386,"minecraft:walk_one_cm":618581,"minecraft:drop":121,"minecraft:talked_to_villager":47,"minecraft:play_time":299695,"minecraft:deaths":2,"minecraft:sneak_time":3730,"minecraft:walk_under_water_one_cm":58988,"minecraft:boat_one_cm":411944,"minecraft:jump":2887,"minecraft:walk_on_water_one_cm":47333,"minecraft:total_world_time":299695,"minecraft:interact_with_furnace":96,"minecraft:traded_with_villager":71,"minecraft:interact_with_cartography_table":2,"minecraft:sleep_in_bed":17,"minecraft:time_since_rest":13389,"minecraft:damage_taken":3825,"minecraft:damage_dealt":15839,"minecraft:swim_one_cm":43477,"minecraft:fly_one_cm":535557,"minecraft:open_chest":18,"minecraft:crouch_one_cm":6817,"minecraft:fall_one_cm":58424,"minecraft:horse_one_cm":1437},"minecraft:broken":{"minecraft:iron_axe":1,"minecraft:stone_axe":1},"minecraft:dropped":{"minecraft:wheat_seeds":12,"minecraft:cooked_beef":8,"minecraft:oak_log":97,"minecraft:feather":1,"minecraft:cobblestone":138,"minecraft:leather":22,"minecraft:apple":2,"minecraft:coal":12,"minecraft:emerald":71,"minecraft:stick":3,"minecraft:dirt":15,"minecraft:diorite":3,"minecraft:torch":3,"minecraft:mutton":8,"minecraft:blue_bed":1,"minecraft:dandelion":6,"minecraft:bone":4,"minecraft:gravel":1,"minecraft:stone_axe":3,"minecraft:kelp":26,"minecraft:stone_sword":1,"minecraft:raw_copper":6,"minecraft:stone_shovel":1,"minecraft:rotten_flesh":7,"minecraft:clay_ball":4,"minecraft:oak_planks":24,"minecraft:carrot":10,"minecraft:potato":7,"minecraft:gunpowder":2,"minecraft:ladder":1,"minecraft:oak_boat":1,"minecraft:oak_sapling":21,"minecraft:spider_eye":4,"minecraft:wooden_pickaxe":2,"minecraft:arrow":5,"minecraft:stone_pickaxe":5},"minecraft:used":{"minecraft:ladder":1,"minecraft:bell":1,"minecraft:cooked_salmon":1,"minecraft:cooked_chicken":2,"minecraft:rotten_flesh":2,"minecraft:orange_bed":2,"minecraft:torch":25,"minecraft:dirt":32,"minecraft:carrot":2,"minecraft:iron_axe":383,"minecraft:oak_sapling":18,"minecraft:furnace":6,"minecraft:egg":1,"minecraft:cooked_beef":33,"minecraft:acacia_planks":8,"minecraft:pumpkin":12,"minecraft:diorite":3,"minecraft:stone_pickaxe":111,"minecraft:oak_planks":1,"minecraft:fletching_table":5,"minecraft:wooden_pickaxe":20,"minecraft:blue_bed":6,"minecraft:crafting_table":7,"minecraft:white_bed":7,"minecraft:diamond_pickaxe":52,"minecraft:apple":1,"minecraft:iron_pickaxe":37,"minecraft:map":1,"minecraft:gravel":23,"minecraft:pink_bed":1,"minecraft:stone_axe":130,"minecraft:cobblestone":31,"minecraft:cooked_porkchop":6,"minecraft:andesite":2,"minecraft:yellow_bed":3,"minecraft:oak_boat":2,"minecraft:bone_meal":27},"minecraft:mined":{"minecraft:white_bed":5,"minecraft:oak_sapling":15,"minecraft:cobblestone_stairs":1,"minecraft:acacia_log":10,"minecraft:grass_block":22,"minecraft:kelp":2,"minecraft:tall_seagrass":1,"minecraft:furnace":3,"minecraft:carrots":3,"minecraft:iron_ore":10,"minecraft:acacia_wood":2,"minecraft:andesite":2,"minecraft:pumpkin":12,"minecraft:fletching_table":3,"minecraft:azure_bluet":1,"minecraft:gold_block":1,"minecraft:potatoes":2,"minecraft:stone":98,"minecraft:orange_bed":3,"minecraft:glass_pane":2,"minecraft:kelp_plant":4,"minecraft:dandelion":3,"minecraft:cornflower":1,"minecraft:crafting_table":9,"minecraft:clay":1,"minecraft:torch":3,"minecraft:short_grass":51,"minecraft:melon":9,"minecraft:mushroom_stem":5,"minecraft:cobblestone":13,"minecraft:tall_grass":5,"minecraft:lapis_ore":4,"minecraft:oak_planks":29,"minecraft:diorite":1,"minecraft:blue_bed":6,"minecraft:wall_torch":4,"minecraft:pink_petals":1,"minecraft:seagrass":1,"minecraft:wheat":1,"minecraft:birch_log":7,"minecraft:birch_leaves":6,"minecraft:yellow_bed":3,"minecraft:oak_log":103,"minecraft:coal_ore":42,"minecraft:sand":6,"minecraft:acacia_fence":1,"minecraft:sunflower":4,"minecraft:gravel":28,"minecraft:dirt":32,"minecraft:red_mushroom_block":3,"minecraft:oak_leaves":26},"minecraft:killed_by":{"minecraft:skeleton":1,"minecraft:zombie":1},"minecraft:picked_up":{"minecraft:crafting_table":5,"minecraft:wheat":6,"minecraft:chicken":1,"minecraft:ladder":2,"minecraft:clay_ball":4,"minecraft:lead":1,"minecraft:wooden_pickaxe":1,"minecraft:gold_block":1,"minecraft:cornflower":1,"minecraft:string":7,"minecraft:raw_copper":6,"minecraft:beef":101,"minecraft:oak_boat":1,"minecraft:poppy":4,"minecraft:melon_slice":45,"minecraft:birch_sapling":1,"minecraft:egg":1,"minecraft:furnace":5,"minecraft:stick":540,"minecraft:raw_iron":9,"minecraft:acacia_fence":1,"minecraft:composter":1,"minecraft:torch":17,"minecraft:acacia_log":9,"minecraft:porkchop":39,"minecraft:cherry_log":1,"minecraft:diorite":6,"minecraft:carrot":12,"minecraft:orange_bed":3,"minecraft:stone_sword":1,"minecraft:arrow":7,"minecraft:rotten_flesh":18,"minecraft:mutton":23,"minecraft:white_wool":17,"minecraft:cobblestone":249,"minecraft:birch_log":9,"minecraft:pink_petals":2,"minecraft:feather":1,"minecraft:cooked_beef":3,"minecraft:cherry_planks":79,"minecraft:andesite":2,"minecraft:leather":60,"minecraft:potato":7,"minecraft:red_mushroom":2,"minecraft:acacia_wood":1,"minecraft:flint":4,"minecraft:oak_log":217,"minecraft:cobblestone_stairs":1,"minecraft:yellow_bed":3,"minecraft:blue_bed":6,"minecraft:gunpowder":3,"minecraft:lapis_lazuli":24,"minecraft:dirt":55,"minecraft:bone":13,"minecraft:apple":5,"minecraft:kelp":26,"minecraft:wheat_seeds":25,"minecraft:grindstone":1,"minecraft:bell":1,"minecraft:iron_ingot":9,"minecraft:stone_pickaxe":5,"minecraft:fletching_table":3,"minecraft:oak_planks":494,"minecraft:pumpkin":12,"minecraft:cooked_porkchop":2,"minecraft:dandelion":14,"minecraft:gravel":24,"minecraft:sand":5,"minecraft:white_bed":5,"minecraft:spider_eye":7,"minecraft:diamond":7,"minecraft:stone_axe":3,"minecraft:oak_sapling":36,"minecraft:brown_banner":1,"minecraft:coal":42,"minecraft:sunflower":4}},"DataVersion":3955}