{"stats":{"minecraft:used":{"minecraft:ladder":1,"minecraft:bell":1,"minecraft:cooked_salmon":1,"minecraft:cooked_chicken":2,"minecraft:rotten_flesh":2,"minecraft:orange_bed":2,"minecraft:torch":39,"minecraft:dirt":48,"minecraft:carrot":2,"minecraft:iron_axe":509,"minecraft:furnace":6,"minecraft:oak_sapling":18,"minecraft:egg":1,"minecraft:cooked_beef":36,"minecraft:acacia_planks":8,"minecraft:pumpkin":12,"minecraft:diorite":3,"minecraft:stone_pickaxe":289,"minecraft:oak_planks":1,"minecraft:wooden_pickaxe":20,"minecraft:fletching_table":5,"minecraft:blue_bed":6,"minecraft:crafting_table":7,"minecraft:white_bed":7,"minecraft:diamond_pickaxe":52,"minecraft:apple":1,"minecraft:map":1,"minecraft:iron_pickaxe":129,"minecraft:gravel":23,"minecraft:stone_axe":182,"minecraft:pink_bed":1,"minecraft:cobblestone":41,"minecraft:cooked_porkchop":6,"minecraft:andesite":2,"minecraft:yellow_bed":3,"minecraft:oak_boat":2,"minecraft:bone_meal":27},"minecraft:picked_up":{"minecraft:crafting_table":5,"minecraft:wheat":6,"minecraft:chicken":1,"minecraft:ladder":2,"minecraft:clay_ball":4,"minecraft:lead":1,"minecraft:wooden_pickaxe":1,"minecraft:gold_block":1,"minecraft:iron_axe":1,"minecraft:cornflower":1,"minecraft:string":10,"minecraft:raw_copper":6,"minecraft:beef":101,"minecraft:oak_boat":1,"minecraft:poppy":4,"minecraft:melon_slice":45,"minecraft:birch_sapling":1,"minecraft:furnace":5,"minecraft:egg":1,"minecraft:stick":559,"minecraft:raw_iron":9,"minecraft:acacia_fence":1,"minecraft:composter":1,"minecraft:torch":21,"minecraft:acacia_log":9,"minecraft:porkchop":39,"minecraft:cherry_log":1,"minecraft:diorite":16,"minecraft:carrot":12,"minecraft:orange_bed":3,"minecraft:stone_sword":1,"minecraft:arrow":7,"minecraft:rotten_flesh":18,"minecraft:mutton":23,"minecraft:white_wool":17,"minecraft:cobblestone":431,"minecraft:birch_log":9,"minecraft:pink_petals":2,"minecraft:feather":1,"minecraft:cooked_beef":3,"minecraft:cherry_planks":79,"minecraft:andesite":2,"minecraft:leather":60,"minecraft:potato":7,"minecraft:red_mushroom":2,"minecraft:acacia_wood":1,"minecraft:flint":5,"minecraft:oak_log":376,"minecraft:yellow_bed":3,"minecraft:gunpowder":3,"minecraft:cobblestone_stairs":1,"minecraft:blue_bed":6,"minecraft:dirt":73,"minecraft:lapis_lazuli":24,"minecraft:bone":13,"minecraft:apple":7,"minecraft:kelp":26,"minecraft:wheat_seeds":25,"minecraft:bell":1,"minecraft:stone_pickaxe":5,"minecraft:grindstone":1,"minecraft:iron_ingot":11,"minecraft:fletching_table":3,"minecraft:oak_planks":496,"minecraft:cooked_porkchop":2,"minecraft:pumpkin":12,"minecraft:dandelion":14,"minecraft:gravel":27,"minecraft:sand":5,"minecraft:white_bed":5,"minecraft:spider_eye":8,"minecraft:diamond":7,"minecraft:stone_axe":3,"minecraft:granite":8,"minecraft:oak_sapling":51,"minecraft:brown_banner":1,"minecraft:coal":124,"minecraft:sunflower":4},"minecraft:killed_by":{"minecraft:skeleton":1,"minecraft:zombie":1},"minecraft:killed":{"minecraft:armadillo":1,"minecraft:spider":9,"minecraft:skeleton":3,"minecraft:horse":1,"minecraft:chicken":1,"minecraft:drowned":1,"minecraft:pig":13,"minecraft:zombie_villager":1,"minecraft:creeper":4,"minecraft:sheep":13,"minecraft:trader_llama":1,"minecraft:zombie":21,"minecraft:mooshroom":25,"minecraft:cow":26},"minecraft:mined":{"minecraft:white_bed":5,"minecraft:oak_sapling":16,"minecraft:cobblestone_stairs":1,"minecraft:granite":8,"minecraft:acacia_log":10,"minecraft:grass_block":23,"minecraft:kelp":2,"minecraft:tall_seagrass":1,"minecraft:furnace":3,"minecraft:carrots":3,"minecraft:iron_ore":10,"minecraft:acacia_wood":2,"minecraft:andesite":2,"minecraft:pumpkin":12,"minecraft:fletching_table":3,"minecraft:azure_bluet":1,"minecraft:gold_block":1,"minecraft:potatoes":2,"minecraft:dirt_path":2,"minecraft:stone":256,"minecraft:orange_bed":3,"minecraft:glass_pane":2,"minecraft:kelp_plant":4,"minecraft:dandelion":3,"minecraft:crafting_table":9,"minecraft:clay":1,"minecraft:cornflower":1,"minecraft:torch":4,"minecraft:short_grass":58,"minecraft:melon":9,"minecraft:mushroom_stem":5,"minecraft:cobblestone":14,"minecraft:tall_grass":6,"minecraft:lapis_ore":4,"minecraft:oak_planks":31,"minecraft:diorite":11,"minecraft:blue_bed":6,"minecraft:wall_torch":7,"minecraft:pink_petals":1,"minecraft:seagrass":1,"minecraft:birch_log":7,"minecraft:wheat":1,"minecraft:birch_leaves":6,"minecraft:yellow_bed":3,"minecraft:coal_ore":126,"minecraft:oak_log":207,"minecraft:acacia_fence":1,"minecraft:sunflower":4,"minecraft:gravel":32,"minecraft:sand":6,"minecraft:dirt":41,"minecraft:red_mushroom_block":3,"minecraft:oak_leaves":83},"minecraft:custom":{"minecraft:mob_kills":122,"minecraft:interact_with_crafting_table":56,"minecraft:bell_ring":4,"minecraft:leave_game":3,"minecraft:time_since_death":269864,"minecraft:climb_one_cm":5496,"minecraft:sprint_one_cm":468484,"minecraft:walk_one_cm":704647,"minecraft:drop":130,"minecraft:talked_to_villager":53,"minecraft:play_time":346108,"minecraft:deaths":2,"minecraft:sneak_time":3994,"minecraft:walk_under_water_one_cm":58988,"minecraft:boat_one_cm":411944,"minecraft:jump":3128,"minecraft:walk_on_water_one_cm":47333,"minecraft:total_world_time":346108,"minecraft:interact_with_furnace":106,"minecraft:traded_with_villager":109,"minecraft:interact_with_cartography_table":2,"minecraft:sleep_in_bed":19,"minecraft:time_since_rest":25072,"minecraft:damage_taken":4105,"minecraft:damage_dealt":16217,"minecraft:swim_one_cm":43477,"minecraft:fly_one_cm":568956,"minecraft:open_chest":19,"minecraft:crouch_one_cm":7150,"minecraft:fall_one_cm":64674,"minecraft:horse_one_cm":1437},"minecraft:crafted":{"minecraft:cherry_planks":4,"minecraft:oak_planks":1080,"minecraft:stone_shovel":1,"minecraft:leather_leggings":1,"minecraft:leather_boots":1,"minecraft:pink_bed":1,"minecraft:cooked_chicken":2,"minecraft:furnace":4,"minecraft:yellow_bed":1,"minecraft:bone_meal":27,"minecraft:pink_dye":2,"minecraft:iron_axe":3,"minecraft:stone_pickaxe":3,"minecraft:diamond_boots":1,"minecraft:cooked_beef":72,"minecraft:emerald":109,"minecraft:cooked_porkchop":11,"minecraft:crafting_table":4,"minecraft:wooden_pickaxe":2,"minecraft:iron_helmet":1,"minecraft:blue_bed":1,"minecraft:cooked_salmon":1,"minecraft:leather_helmet":1,"minecraft:fletching_table":2,"minecraft:birch_planks":36,"minecraft:stone_axe":3,"minecraft:air":0,"minecraft:blue_dye":1,"minecraft:oak_boat":3,"minecraft:diamond_pickaxe":1,"minecraft:yellow_dye":1,"minecraft:stick":3040,"minecraft:iron_ingot":24,"minecraft:leather_chestplate":1,"minecraft:iron_pickaxe":2,"minecraft:gold_ingot":9,"minecraft:white_bed":4,"minecraft:acacia_planks":8,"minecraft:torch":56},"minecraft:broken":{"minecraft:stone_pickaxe":1,"minecraft:iron_axe":2,"minecraft:stone_axe":1},"minecraft:dropped":{"minecraft:wheat_seeds":22,"minecraft:cooked_beef":8,"minecraft:oak_log":97,"minecraft:feather":1,"minecraft:cobblestone":143,"minecraft:leather":22,"minecraft:apple":2,"minecraft:coal":12,"minecraft:stick":3,"minecraft:emerald":71,"minecraft:dirt":17,"minecraft:diorite":3,"minecraft:torch":3,"minecraft:mutton":8,"minecraft:iron_axe":1,"minecraft:blue_bed":1,"minecraft:dandelion":13,"minecraft:bone":4,"minecraft:gravel":1,"minecraft:stone_axe":3,"minecraft:kelp":26,"minecraft:stone_sword":1,"minecraft:raw_copper":6,"minecraft:birch_sapling":1,"minecraft:stone_shovel":1,"minecraft:rotten_flesh":8,"minecraft:clay_ball":4,"minecraft:oak_planks":24,"minecraft:carrot":10,"minecraft:poppy":4,"minecraft:potato":7,"minecraft:gunpowder":2,"minecraft:ladder":1,"minecraft:oak_boat":1,"minecraft:oak_sapling":21,"minecraft:spider_eye":4,"minecraft:wooden_pickaxe":2,"minecraft:arrow":5,"minecraft:stone_pickaxe":5}},"DataVersion":3955}