{"stats":{"minecraft:custom":{"minecraft:interact_with_furnace":21,"minecraft:mob_kills":29,"minecraft:interact_with_crafting_table":15,"minecraft:time_since_death":35967,"minecraft:sleep_in_bed":1,"minecraft:time_since_rest":29466,"minecraft:sprint_one_cm":36260,"minecraft:damage_taken":307,"minecraft:walk_one_cm":67770,"minecraft:drop":5,"minecraft:damage_dealt":3103,"minecraft:swim_one_cm":13595,"minecraft:fly_one_cm":52509,"minecraft:open_chest":1,"minecraft:crouch_one_cm":307,"minecraft:play_time":35967,"minecraft:sneak_time":672,"minecraft:walk_under_water_one_cm":24165,"minecraft:boat_one_cm":226247,"minecraft:jump":380,"minecraft:walk_on_water_one_cm":4214,"minecraft:total_world_time":35967,"minecraft:fall_one_cm":4300},"minecraft:crafted":{"minecraft:cooked_beef":37,"minecraft:oak_planks":44,"minecraft:leather_leggings":1,"minecraft:leather_boots":1,"minecraft:crafting_table":1,"minecraft:wooden_pickaxe":1,"minecraft:iron_helmet":1,"minecraft:furnace":2,"minecraft:leather_helmet":1,"minecraft:birch_planks":28,"minecraft:stone_axe":1,"minecraft:air":0,"minecraft:oak_boat":1,"minecraft:diamond_pickaxe":1,"minecraft:stick":48,"minecraft:leather_chestplate":1,"minecraft:stone_pickaxe":2,"minecraft:torch":40},"minecraft:dropped":{"minecraft:torch":1,"minecraft:oak_sapling":1,"minecraft:wooden_pickaxe":1,"minecraft:stone_pickaxe":2},"minecraft:killed":{"minecraft:armadillo":1,"minecraft:mooshroom":25,"minecraft:drowned":1,"minecraft:cow":2},"minecraft:mined":{"minecraft:crafting_table":1,"minecraft:torch":2,"minecraft:short_grass":4,"minecraft:acacia_log":2,"minecraft:mushroom_stem":5,"minecraft:kelp":2,"minecraft:seagrass":1,"minecraft:tall_seagrass":1,"minecraft:furnace":2,"minecraft:birch_log":7,"minecraft:andesite":2,"minecraft:birch_leaves":5,"minecraft:pumpkin":12,"minecraft:gold_block":1,"minecraft:oak_log":11,"minecraft:acacia_fence":1,"minecraft:sunflower":4,"minecraft:red_mushroom_block":3,"minecraft:stone":26,"minecraft:oak_leaves":2,"minecraft:orange_bed":1},"minecraft:used":{"minecraft:stone_pickaxe":20,"minecraft:wooden_pickaxe":8,"minecraft:torch":6,"minecraft:crafting_table":1,"minecraft:diamond_pickaxe":8,"minecraft:stone_axe":78,"minecraft:furnace":2,"minecraft:andesite":2,"minecraft:oak_boat":1,"minecraft:cooked_beef":4},"minecraft:picked_up":{"minecraft:birch_log":7,"minecraft:crafting_table":1,"minecraft:andesite":2,"minecraft:leather":31,"minecraft:red_mushroom":2,"minecraft:gold_block":1,"minecraft:oak_log":11,"minecraft:iron_ingot":5,"minecraft:beef":54,"minecraft:oak_boat":1,"minecraft:furnace":2,"minecraft:acacia_fence":1,"minecraft:pumpkin":12,"minecraft:torch":4,"minecraft:acacia_log":2,"minecraft:orange_bed":1,"minecraft:diamond":7,"minecraft:oak_sapling":1,"minecraft:cobblestone":26,"minecraft:sunflower":4}},"DataVersion":3955}