{"stats":{"minecraft:custom":{"minecraft:mob_kills":16,"minecraft:interact_with_crafting_table":33,"minecraft:bell_ring":17,"minecraft:leave_game":10,"minecraft:time_since_death":5528,"minecraft:climb_one_cm":1196,"minecraft:sprint_one_cm":316834,"minecraft:walk_one_cm":436708,"minecraft:damage_blocked_by_shield":417,"minecraft:drop":176,"minecraft:talked_to_villager":28,"minecraft:play_time":205453,"minecraft:deaths":12,"minecraft:sneak_time":1272,"minecraft:walk_under_water_one_cm":19236,"minecraft:jump":3538,"minecraft:walk_on_water_one_cm":25096,"minecraft:total_world_time":205453,"minecraft:interact_with_furnace":27,"minecraft:traded_with_villager":33,"minecraft:sleep_in_bed":11,"minecraft:time_since_rest":5579,"minecraft:damage_taken":4911,"minecraft:damage_dealt":3332,"minecraft:player_kills":2,"minecraft:swim_one_cm":11434,"minecraft:fly_one_cm":517626,"minecraft:open_chest":4,"minecraft:crouch_one_cm":3055,"minecraft:fall_one_cm":97036},"minecraft:broken":{"minecraft:stone_pickaxe":3,"minecraft:iron_axe":1,"minecraft:iron_pickaxe":1},"minecraft:crafted":{"minecraft:oak_planks":1200,"minecraft:cooked_chicken":1,"minecraft:furnace":6,"minecraft:cooked_mutton":1,"minecraft:oak_trapdoor":2,"minecraft:iron_axe":2,"minecraft:stone_pickaxe":5,"minecraft:wheat":72,"minecraft:cooked_beef":5,"minecraft:emerald":33,"minecraft:cooked_porkchop":2,"minecraft:crafting_table":3,"minecraft:wooden_pickaxe":1,"minecraft:iron_sword":1,"minecraft:fletching_table":1,"minecraft:stone_axe":2,"minecraft:shield":1,"minecraft:stick":1624,"minecraft:iron_ingot":9,"minecraft:iron_pickaxe":3,"minecraft:wooden_axe":1},"minecraft:killed":{"minecraft:skeleton":1,"minecraft:chicken":2,"minecraft:pig":3,"minecraft:sheep":1,"minecraft:zombie":5,"minecraft:cow":2},"minecraft:dropped":{"minecraft:water_bucket":1,"minecraft:wheat_seeds":24,"minecraft:cooked_beef":4,"minecraft:oak_log":1,"minecraft:feather":3,"minecraft:cobblestone":80,"minecraft:apple":1,"minecraft:brewing_stand":1,"minecraft:iron_axe":2,"minecraft:dandelion":12,"minecraft:bone":1,"minecraft:oak_trapdoor":1,"minecraft:cobbled_deepslate":403,"minecraft:wheat":92,"minecraft:birch_sapling":1,"minecraft:composter":2,"minecraft:rotten_flesh":2,"minecraft:grindstone":1,"minecraft:oak_planks":1,"minecraft:azure_bluet":1,"minecraft:potato":4,"minecraft:gunpowder":2,"minecraft:oak_sapling":18,"minecraft:arrow":2,"minecraft:wooden_pickaxe":3,"minecraft:stone_pickaxe":2},"minecraft:killed_by":{"minecraft:player":1,"minecraft:creeper":1,"minecraft:skeleton":5,"minecraft:zombie":3},"minecraft:mined":{"minecraft:tuff":27,"minecraft:white_bed":5,"minecraft:oak_sapling":1,"minecraft:deepslate_diamond_ore":5,"minecraft:brewing_stand":1,"minecraft:granite":1,"minecraft:grass_block":20,"minecraft:composter":1,"minecraft:hay_block":15,"minecraft:oak_trapdoor":5,"minecraft:furnace":2,"minecraft:iron_ore":26,"minecraft:cobbled_deepslate":5,"minecraft:andesite":1,"minecraft:fletching_table":2,"minecraft:bell":3,"minecraft:deepslate_iron_ore":7,"minecraft:stone":229,"minecraft:deepslate_redstone_ore":8,"minecraft:dandelion":1,"minecraft:crafting_table":4,"minecraft:cornflower":1,"minecraft:torch":1,"minecraft:short_grass":38,"minecraft:tall_grass":8,"minecraft:copper_ore":1,"minecraft:deepslate_gold_ore":3,"minecraft:grindstone":1,"minecraft:oak_planks":22,"minecraft:birch_log":24,"minecraft:wheat":1,"minecraft:birch_leaves":2,"minecraft:bee_nest":1,"minecraft:oak_log":208,"minecraft:coal_ore":2,"minecraft:gravel":12,"minecraft:dirt":5,"minecraft:oak_leaves":41,"minecraft:deepslate":723},"minecraft:used":{"minecraft:oak_trapdoor":5,"minecraft:shield":12,"minecraft:iron_sword":53,"minecraft:bell":2,"minecraft:cooked_chicken":1,"minecraft:rotten_flesh":1,"minecraft:dirt":4,"minecraft:iron_axe":265,"minecraft:furnace":5,"minecraft:cooked_beef":11,"minecraft:cobbled_deepslate":39,"minecraft:cooked_mutton":1,"minecraft:stone_pickaxe":512,"minecraft:oak_planks":149,"minecraft:wooden_pickaxe":45,"minecraft:fletching_table":3,"minecraft:crafting_table":8,"minecraft:white_bed":7,"minecraft:iron_pickaxe":498,"minecraft:gravel":7,"minecraft:stone_axe":67,"minecraft:cobblestone":6,"minecraft:porkchop":3,"minecraft:cooked_porkchop":12,"minecraft:birch_log":2},"minecraft:picked_up":{"minecraft:wooden_axe":1,"minecraft:crafting_table":10,"minecraft:wheat":21,"minecraft:azure_bluet":2,"minecraft:chicken":3,"minecraft:wooden_pickaxe":11,"minecraft:brewing_stand":1,"minecraft:shield":2,"minecraft:oak_trapdoor":6,"minecraft:string":2,"minecraft:iron_axe":1,"minecraft:raw_copper":4,"minecraft:cobbled_deepslate":2004,"minecraft:beef":22,"minecraft:iron_pickaxe":7,"minecraft:birch_sapling":1,"minecraft:egg":4,"minecraft:furnace":6,"minecraft:stick":63,"minecraft:raw_iron":51,"minecraft:composter":2,"minecraft:torch":43,"minecraft:porkchop":31,"minecraft:carrot":1,"minecraft:redstone":266,"minecraft:stone_shovel":1,"minecraft:arrow":19,"minecraft:rotten_flesh":5,"minecraft:hay_block":15,"minecraft:mutton":10,"minecraft:cobblestone":725,"minecraft:white_wool":8,"minecraft:birch_log":27,"minecraft:pink_petals":4,"minecraft:feather":19,"minecraft:cooked_beef":12,"minecraft:glow_ink_sac":2,"minecraft:water_bucket":1,"minecraft:andesite":4,"minecraft:leather":10,"minecraft:birch_planks":1,"minecraft:flint":2,"minecraft:tuff":122,"minecraft:oak_log":375,"minecraft:gunpowder":2,"minecraft:dirt":25,"minecraft:cooked_mutton":1,"minecraft:bone":9,"minecraft:apple":1,"minecraft:kelp":1,"minecraft:bow":1,"minecraft:wheat_seeds":29,"minecraft:raw_gold":21,"minecraft:bell":2,"minecraft:grindstone":1,"minecraft:iron_ingot":19,"minecraft:stone_pickaxe":8,"minecraft:cooked_chicken":1,"minecraft:fletching_table":2,"minecraft:oak_planks":242,"minecraft:iron_sword":6,"minecraft:cooked_porkchop":12,"minecraft:dandelion":12,"minecraft:gravel":19,"minecraft:white_bed":7,"minecraft:diamond":14,"minecraft:stone_axe":4,"minecraft:granite":7,"minecraft:emerald":71,"minecraft:oak_sapling":26,"minecraft:coal":2}},"DataVersion":3955}