{"stats":{"minecraft:killed_by":{"minecraft:skeleton":1},"minecraft:mined":{"minecraft:short_grass":1},"minecraft:custom":{"minecraft:jump":50,"minecraft:time_since_rest":87,"minecraft:leave_game":1,"minecraft:deaths":1,"minecraft:damage_dealt":227,"minecraft:crouch_one_cm":630,"minecraft:walk_on_water_one_cm":89,"minecraft:sprint_one_cm":4223,"minecraft:play_time":1466,"minecraft:damage_taken":256,"minecraft:time_since_death":0,"minecraft:walk_one_cm":5284,"minecraft:sneak_time":61,"minecraft:total_world_time":1466,"minecraft:walk_under_water_one_cm":683,"minecraft:fall_one_cm":1179,"minecraft:fly_one_cm":7265,"minecraft:player_kills":1}},"DataVersion":3955}