{"stats":{"minecraft:killed":{"minecraft:sheep":2,"minecraft:zombie":1,"minecraft:spider":1,"minecraft:cow":1},"minecraft:custom":{"minecraft:time_since_rest":16835,"minecraft:sprint_one_cm":98954,"minecraft:damage_taken":1306,"minecraft:walk_one_cm":190702,"minecraft:mob_kills":6,"minecraft:damage_dealt":757,"minecraft:swim_one_cm":54779,"minecraft:interact_with_crafting_table":1,"minecraft:fly_one_cm":30871,"minecraft:play_time":54699,"minecraft:deaths":5,"minecraft:sneak_time":24,"minecraft:walk_under_water_one_cm":13769,"minecraft:boat_one_cm":200467,"minecraft:jump":596,"minecraft:leave_game":8,"minecraft:time_since_death":16791,"minecraft:walk_on_water_one_cm":14443,"minecraft:total_world_time":54699,"minecraft:fall_one_cm":11200},"minecraft:used":{"minecraft:stone_sword":59,"minecraft:string":1,"minecraft:torch":1,"minecraft:dirt":18,"minecraft:cooked_porkchop":2},"minecraft:mined":{"minecraft:birch_leaves":4,"minecraft:dandelion":9,"minecraft:short_grass":22,"minecraft:grass_block":2,"minecraft:poppy":1,"minecraft:sand":8,"minecraft:dirt":6,"minecraft:oxeye_daisy":1,"minecraft:oak_leaves":6,"minecraft:wall_torch":2},"minecraft:killed_by":{"minecraft:creeper":1,"minecraft:zombie":2},"minecraft:picked_up":{"minecraft:cooked_porkchop":9,"minecraft:torch":1,"minecraft:dandelion":6,"minecraft:sand":6,"minecraft:dirt":19,"minecraft:string":3,"minecraft:stone_sword":1,"minecraft:rotten_flesh":2,"minecraft:wheat_seeds":4,"minecraft:beef":1,"minecraft:oak_boat":1,"minecraft:poppy":1,"minecraft:white_wool":1,"minecraft:oxeye_daisy":1}},"DataVersion":3955}