{"stats":{"minecraft:used":{"minecraft:cooked_mutton":4,"minecraft:stone_sword":16,"minecraft:stone_pickaxe":255,"minecraft:oak_planks":24,"minecraft:wooden_pickaxe":60,"minecraft:torch":19,"minecraft:dirt":32,"minecraft:crafting_table":3,"minecraft:white_bed":2,"minecraft:apple":1,"minecraft:stone_axe":157,"minecraft:cobblestone":8,"minecraft:furnace":1,"minecraft:gray_wool":2},"minecraft:picked_up":{"minecraft:birch_log":70,"minecraft:crafting_table":2,"minecraft:andesite":35,"minecraft:wooden_pickaxe":1,"minecraft:oak_log":159,"minecraft:dirt":63,"minecraft:raw_copper":22,"minecraft:cooked_mutton":9,"minecraft:apple":5,"minecraft:stone_pickaxe":2,"minecraft:light_gray_wool":2,"minecraft:birch_sapling":15,"minecraft:oak_planks":65,"minecraft:stick":38,"minecraft:raw_iron":6,"minecraft:torch":3,"minecraft:porkchop":6,"minecraft:white_bed":1,"minecraft:stone_sword":1,"minecraft:rotten_flesh":2,"minecraft:stone_axe":1,"minecraft:gray_wool":4,"minecraft:oak_sapling":71,"minecraft:mutton":7,"minecraft:coal":13,"minecraft:white_wool":3,"minecraft:cobblestone":229},"minecraft:killed_by":{"minecraft:zombie":1},"minecraft:killed":{"minecraft:pig":1,"minecraft:sheep":5},"minecraft:mined":{"minecraft:white_bed":1,"minecraft:crafting_table":1,"minecraft:short_grass":12,"minecraft:grass_block":5,"minecraft:copper_ore":6,"minecraft:oak_planks":1,"minecraft:wall_torch":2,"minecraft:gray_wool":2,"minecraft:birch_log":34,"minecraft:iron_ore":6,"minecraft:birch_leaves":15,"minecraft:andesite":35,"minecraft:oak_log":97,"minecraft:coal_ore":13,"minecraft:dirt":11,"minecraft:stone":210,"minecraft:oak_leaves":89},"minecraft:custom":{"minecraft:interact_with_furnace":3,"minecraft:mob_kills":7,"minecraft:interact_with_crafting_table":10,"minecraft:time_since_death":15475,"minecraft:leave_game":3,"minecraft:sleep_in_bed":2,"minecraft:time_since_rest":12988,"minecraft:sprint_one_cm":93742,"minecraft:damage_taken":449,"minecraft:walk_one_cm":174209,"minecraft:drop":7,"minecraft:damage_dealt":623,"minecraft:swim_one_cm":27107,"minecraft:fly_one_cm":42528,"minecraft:play_time":57471,"minecraft:deaths":1,"minecraft:sneak_time":6,"minecraft:walk_under_water_one_cm":5339,"minecraft:jump":433,"minecraft:walk_on_water_one_cm":2022,"minecraft:total_world_time":57471,"minecraft:fall_one_cm":8049},"minecraft:crafted":{"minecraft:oak_planks":132,"minecraft:crafting_table":1,"minecraft:wooden_pickaxe":2,"minecraft:furnace":1,"minecraft:stone_axe":2,"minecraft:cooked_mutton":7,"minecraft:stick":24,"minecraft:iron_ingot":6,"minecraft:stone_pickaxe":2,"minecraft:stone_sword":1,"minecraft:white_bed":1,"minecraft:torch":52},"minecraft:dropped":{"minecraft:cobblestone":2,"minecraft:cooked_mutton":5},"minecraft:broken":{"minecraft:stone_pickaxe":1,"minecraft:stone_axe":1,"minecraft:wooden_pickaxe":1}},"DataVersion":3955}